5S-Deu-L2,Alu,CR1,Crypton,Crypton-A,Dong-R4,ERV1,ERVK,ERVL,ERVL-MaLR,Gypsy,Helitron,I-Jockey,Kolobok,L1,L1-Tx1,L2,MIR,MULE-MuDR,Merlin,PIF-Harbinger,Penelope,PiggyBac,RTE-BovB,RTE-X,SVA,TcMar,TcMar-Mariner,TcMar-Pogo,TcMar-Tc1,TcMar-Tc2,TcMar-Tigger,hAT,hAT-Ac,hAT-Blackjack,hAT-Charlie,hAT-Tag1,hAT-Tip100,hAT-Tip100?,hAT-hAT19,hAT?,tRNA,tRNA-Deu,tRNA-RTE,cell_line,modification
0.3207395830426601,0.19245118573050665,0.25806166325829144,0.2754292526350623,0.3045385744431333,0.2581457632140735,0.31218536106392464,0.3719354883659887,0.20522258661115503,0.18205336455057766,0.22527638164455954,0.23809584135915862,0.37519391665886365,0.30855400712985076,0.1925063131132326,0.21961227429494665,0.2547136469087151,0.28217463631739287,0.16518872593357625,0.18196202183808224,0.2807693781105174,0.27410253639532584,0.22778093643135508,0.2569245098500599,0.23713956179837412,0.27492472416507874,0.18903531154181277,0.21402470086455144,0.16669876635135136,0.26107854850390927,0.2086913871176204,0.2319843570815796,0.2690382048508857,0.23907928538292725,0.2529223503595372,0.2470373424564814,0.2908509999407946,0.2518411645290928,0.20222829806818182,0.2518316068703889,0.2430146646759394,0.3001317642819754,0.3416031878214286,0.3045923472509534,Caco-2,H3K4me1
0.2847878749820332,0.44199876161433216,0.3443874745750817,0.29515524059128495,0.31557034727962,0.3558451926458486,0.5122096644935796,0.7543185021801022,0.3905540117192944,0.4568188529201881,0.36629411635447345,0.33506667858958517,0.2359059532039394,0.2725894953348532,0.4556899169983527,0.3192859301846,0.3484012838975072,0.2999177514846714,0.41761254927456587,0.33471479055978354,0.3619141181641535,0.34424911750617876,0.38180861195538507,0.33820671238410416,0.3661909409125216,0.731311809077799,0.2619661426490137,0.3944591898413805,0.3204458962432432,0.40120068490826044,0.36055555053798777,0.35893345369009055,0.3449603168118008,0.3636408705689432,0.358959951328216,0.34396224831074473,0.345329814907228,0.3493145137808762,0.3608983584718485,0.30354468845,0.3832827157530303,0.26907892382081755,0.30377031565171425,0.27280836833943634,Caco-2,H3K9me3
0.5225211027665839,0.3050059478828015,0.352602570578038,0.41340988323390165,0.45685810519600667,0.3519295034529642,0.34255743306599573,0.34343252867944335,0.3483059156301532,0.3453476306450428,0.34170040982352423,0.33300307686941866,0.4583034918823485,0.40861683037986224,0.31061247994266566,0.3687058900445298,0.34400946668539756,0.3447975394706032,0.30006164685407083,0.3171875558709957,0.3862460855242861,0.3305735335301352,0.2729473142882875,0.37253895923630187,0.33570546465246676,0.25707442418133186,0.3341962900416697,0.3085128115192008,0.22804263554054058,0.28580389728713035,0.2873270748833782,0.3174382811258713,0.3724195602287432,0.37161367510013804,0.3477255136856212,0.3485582931544918,0.33743759557458214,0.34428836770654037,0.3032199013464179,0.5679783613777778,0.2780749336582647,0.4741777381627761,0.4146712537414066,0.395133034691535,SJCRH30,H3K27ac
0.775154208507214,0.4907952277347172,0.6070223809374824,0.683245118719282,0.8356506419754666,0.6309766341330855,0.5400077661648678,0.5525674207504574,0.5450968268535976,0.556265476220197,0.584026056861771,0.5980066901753424,0.7913561933901515,0.6986172198535955,0.538687886429524,0.6114867403036424,0.5866764357267603,0.6217710691094942,0.524024561209873,0.579705756839987,0.7001870273971865,0.6308269596492416,0.6122763987361224,0.6219819119857114,0.5884350666340364,0.40526114205575864,0.5697324867972072,0.5892136626219981,0.6685881220135135,0.6268555664270788,0.5926239907602905,0.5870283303248416,0.6896001919949726,0.6271620211098126,0.62255057891341,0.6080082787131529,0.6221902422258976,0.597854457026514,0.6044847195352239,0.8929337446872222,0.621783795272353,0.714772079681345,0.6995563592306373,0.6798255961891931,SJCRH30,H3K4me1
0.5889878859938135,0.5258527030713679,0.6200122327645903,0.6387635301513924,0.6702540472439333,0.6680069352956461,0.7216755851105092,0.8515657867127212,0.6576467269619605,0.7439885965019934,0.6548580972319417,0.6786233644974771,0.5919280273871743,0.5666250198625559,0.6909375974148314,0.6068343389074834,0.6190884692017173,0.6163049167666154,0.6736882091916513,0.630710453451948,0.6754129594412761,0.5886857633548199,0.709073614814336,0.6370941640870464,0.6513059360421982,0.7676631943590466,0.5922707832793213,0.7025799004093541,0.5972974028378378,0.6264195128769012,0.6621061024451653,0.6987724554332154,0.6669309141624641,0.6232566888708468,0.6546414443293175,0.659433623382134,0.6495874139569848,0.6366052734436246,0.6978578597579105,0.4331352254573889,0.7515559752455881,0.597974917820341,0.667479666313099,0.6505119968836758,SJCRH30,H3K9me3
0.2971609432601923,0.45573929196087837,0.3486677024751961,0.3037197718934,0.24535069947482,0.2967455562777972,0.2484292734803792,0.2808394037526256,0.23352376672916736,0.26865960438901587,0.20077986757347233,0.3540919831975313,0.23371474684194696,0.2764500621798557,0.36836867349472324,0.22332282483757485,0.33619633737880045,0.328793612992823,0.30144819908302045,0.25449155466943724,0.272547713405893,0.40974777471601975,0.4609887832513143,0.3549733845353869,0.37131566019226286,0.4167941197290448,0.24745846676487332,0.3957329691916961,0.2975574330540541,0.5010761165004692,0.4530507929322693,0.45752803562691646,0.290050662305114,0.3559600018382483,0.2916624412530445,0.3954809369728417,0.5098374432674557,0.2521071371619008,0.2954964876966418,0.1738178850372222,0.3234179289288824,0.2820341777217393,0.34928814416102416,0.36271393465381246,SJCRH30,H3K36me3
0.5210024647329554,0.5849308005579125,0.5798604841472721,0.6063074991973376,0.4913958442216,0.5858631681998188,0.6145277810418547,0.5747074255546012,0.6176012282349129,0.6064064030045719,0.6338924315780693,0.5481932518989987,0.5432814670684925,0.5270788171680422,0.5561063903515849,0.5826316886499867,0.5815185856974152,0.5972921737747079,0.5904278164511869,0.5668744488654979,0.5964970723919801,0.5658227354398712,0.5629971077052429,0.5348778623253571,0.5625683884629077,0.4046108252912371,0.5429483768752522,0.575438134162286,0.6097035445945945,0.5377286945487247,0.5512256924353031,0.5403122079123166,0.5846858804999566,0.5758417496576063,0.6274241328980219,0.5964134661031403,0.5116791206250428,0.6364557548194071,0.6564925009055225,0.7097031587055556,0.7051936992085295,0.5337910541458635,0.600856482019266,0.546687753802039,SJCRH30,H3K27me3
-0.10235391567356762,-0.256626394917933,-0.1921379861005704,-0.1894902843605705,-0.13965970092838,-0.21101011531923558,-0.17968283843732244,-0.1908202465697688,-0.22526187895961886,-0.2124195939148874,-0.22280677621834194,-0.21654273295680979,-0.07273388527810606,-0.17327476654044774,-0.20991955211898614,-0.18130339646649668,-0.18222814881983895,-0.17359211298969932,-0.22712303626554864,-0.2682307936170606,-0.1540036186160199,-0.19065650432867867,-0.19651703235116605,-0.1782887591289609,-0.20330968168800387,-0.22521979626177116,-0.19647993535882716,-0.20069290026770695,-0.21682914871621622,-0.19935682860677795,-0.2363652618013531,-0.1964038385193592,-0.1871998481548262,-0.1729546698905507,-0.18842654703662814,-0.18032265648392337,-0.17552846527476007,-0.2037660581206441,-0.18224340874104478,-0.2245807839427778,-0.20369214676529412,-0.14501983174420535,-0.11825058818179342,-0.1776505830286106,SJCRH30,H3K4me3
1.2533782814548082,0.9975655783513773,1.1420722594422426,1.206210609505869,1.3426290318910665,1.183467231734195,1.0809022501613383,1.1587702238235045,1.088252598592494,1.1082159620038239,1.1001249371982473,1.150433624633976,1.3054200279113637,1.2640510583305882,1.0536603446724266,1.131276951067616,1.12527895331458,1.1581033666963154,1.0335881461962515,1.1349891539151515,1.2658669245748757,1.1444346630895772,1.1233527614079855,1.1626087613584692,1.1202101568674223,0.945824311000664,1.1806092775121917,1.0939453263333054,1.2169636928378378,1.0908524763320129,1.1130284472472667,1.1262719540850767,1.172832953848745,1.119796947884073,1.138649293810009,1.1415130347680553,1.161622834663913,1.1276315645650081,1.1683192635323076,0.9426663268333333,1.1283418469666666,1.2394815987968224,1.1873795367859779,1.215442138807634,BE2C,H3K4me1
1.0236387777867453,1.1149898686148834,1.028507162459563,0.981197891056754,1.0520580539273334,1.0224417702773358,1.1523850946812535,1.2607356010619954,1.108247219963212,1.1595210652024315,1.0798529546264675,1.0181015525143593,1.0826157066153788,0.9771837081579652,1.0689965154837902,1.0298229355913906,1.0424825502363895,1.0285810795759285,1.058217851098286,0.9472074352316018,1.0194854108884825,1.0063490710245087,1.04506719989535,1.028433699945342,1.035833170332311,1.2141618400912733,0.9345374189238813,1.0353842951559231,1.0768149908783784,0.9300830239270588,0.9851558228946826,1.0280531774135884,1.0120765518671162,1.0312682697478848,1.0511064202142237,1.051158658335603,1.0058191219057064,1.0575936532099828,1.0495766457215383,0.37869346853333336,1.0093367300363636,1.0354537282646945,1.0284301222216703,1.0412117876870337,BE2C,H3K9me3
1.0537926719773543,1.2032089330165836,1.073623900263882,0.934470143798128,1.0032154753528,1.0144209504170973,1.0112467043726452,1.0695183680330813,0.9994174957333178,1.0275135952433934,0.964256959308387,1.058853137331823,1.0763742772994696,1.028104565557593,1.0576422407415742,1.0168437316554306,1.0769344741420395,1.0794117748612246,0.9918490394917632,0.9499573410752814,1.0035672419394777,1.1036759353168182,1.1425034398424492,1.081324980914221,1.0803124968465343,1.1728405948652199,0.9754868424065752,1.0744908505339914,0.9988484883513514,1.1155690359640948,1.1027523101511634,1.132030430102025,0.9879276402825307,1.0624936798609073,1.0239414969006513,1.1101990664310988,1.179105530963424,1.0034024178499643,1.0095025340264614,0.48134532592055557,1.0511746393181818,1.0780046475003118,1.0831531583171956,1.1104470016879635,BE2C,H3K36me3
1.0186796481627063,0.9959212611951955,1.0077521673378012,0.968571695954459,0.9981353900395333,1.0218910896765407,1.0159251795548208,1.02471407104275,0.9945792450702888,0.9904329365501975,1.0435455422009068,0.9751273111709338,1.0663185465130303,0.983415810614541,0.9860398800857005,1.0322228584218545,1.0015263304607565,0.99731675793744,0.9854794409425158,0.9369998074364935,1.021119369509336,0.9939509533323896,0.9959576968250132,0.993896861345539,0.9990132867550232,0.9228885484469276,0.9358776870886027,1.0059291666576262,1.0973946731081081,0.9484119136947589,0.9802751870437094,0.9699015452864008,1.0430298508817917,1.0007839717109883,1.019628171766375,1.0019367706496582,0.9874230286496902,1.0210969398478658,1.0929274949047691,0.6231816514537223,1.1489314132515152,1.0074928886088703,1.0505795568953407,1.0002284977900937,BE2C,H3K27me3
-0.032202507181316106,-0.18585164259738282,-0.1385648348165924,-0.07407642061104919,-0.09154354426226669,-0.15026419229610735,-0.1628334852396392,-0.22454016601606527,-0.18988186742778268,-0.17179787817409292,-0.1679293434847851,-0.14220980687664625,-0.02623069983210455,-0.027300723743456573,-0.18635796157655773,-0.15399228194181855,-0.14371360246186668,-0.12739482307328942,-0.19489861242355486,-0.14582773085956896,-0.11153650542321145,-0.1296008224775339,-0.15159434714699052,-0.1175636627938569,-0.14865164135404618,-0.15539866762306745,-0.20310482430453258,-0.14746807557647254,0.06503091445945945,-0.12328568847218811,-0.18403510868714237,-0.13726108068848966,-0.07560340367917054,-0.14770339336465532,-0.1374102434103374,-0.12449964134122514,-0.11243001034132953,-0.1529366740726872,-0.3154033864250303,0.32834626250555554,-0.15259991738626472,-0.07550394693824393,-0.04288178527697363,-0.08899645637765177,SJSA1,H3K27ac
0.6031529750369482,0.6182933738247675,0.6015214800551533,0.5498486697000099,0.5670223628842,0.6053841472340159,0.8154809411091,0.9959622185688862,0.7851039454464943,0.828532094400008,0.6914127723841311,0.5783955505193055,0.6474125432010909,0.6065368845851017,0.6430109150595271,0.6301113811204636,0.6262723188828034,0.6326606255218559,0.6459574297334804,0.5589797167860776,0.6022385762668159,0.5891956880384892,0.6016408156251031,0.6075251798930127,0.5886109263617941,0.7674418445591943,0.586979666551009,0.5878086075853732,0.755716612972973,0.4313649114146352,0.49402273418946663,0.5878566506585715,0.5480242289473574,0.6084923139913019,0.6297311247758529,0.6193224978356844,0.5172393144959615,0.655183820007075,0.4224739160214849,0.6222067947222222,0.5367721005611765,0.6622319982823603,0.6217176682084835,0.6481900144429873,SJSA1,H3K9me3
0.4651488805887698,0.609860456514424,0.48234080248803207,0.3082122331054951,0.31710327875318,0.39559220463040357,0.4451443170393918,0.5225551880676318,0.4455017449990676,0.47865105506240224,0.3688323396335352,0.4087420966849865,0.49548977484030304,0.4633248288498412,0.43119869496504293,0.3880436362237483,0.49629330703051394,0.5246560338114891,0.3748126382373594,0.3296800756690345,0.3028873327342985,0.5138374311306407,0.505694131300071,0.4799309221618162,0.4723215461469567,0.6935020899797683,0.32535168581253393,0.4175908210814248,0.5206305653378378,0.43923931732358085,0.45449374996454195,0.525714285105357,0.3476055390568545,0.45988944662863585,0.415517130866971,0.5201468538303429,0.5705219966421027,0.413588327335664,0.20931361656651515,0.26882395092055555,0.2603221049958823,0.5259405036626352,0.4738334012486154,0.5691990183288634,SJSA1,H3K36me3
0.378670845664683,0.2848439834874169,0.4064982417307395,0.4313351897713334,0.4324264616808,0.44929506804071767,0.3866045716581896,0.3300655114864428,0.3880070281669915,0.39083000675530477,0.41819219059070467,0.4098636835274639,0.469218562648497,0.4080459516786129,0.3746663442184651,0.4720150547378079,0.3942162354462718,0.42714827769850816,0.4055749799463554,0.41020525576331895,0.436115527524199,0.389684622971238,0.41888078198998974,0.38355277511176616,0.38717213713757365,0.29659473163866423,0.3897631043740271,0.44172388148461267,0.7370106748648648,0.41754510386412447,0.3834057170273658,0.39261798105611445,0.4217220989076225,0.392966360237321,0.4366368484819688,0.4116883615933217,0.359623003442093,0.4330882248138579,0.41280415067469695,0.4172868265555556,0.49629985168323526,0.4262513623198948,0.42113003753830774,0.40179599529852533,SJSA1,H3K27me3
-0.3102679604338329,-0.3067589028998509,-0.34756775259474504,-0.4228722117883508,-0.4062867539428666,-0.3909284416194036,-0.27857272006741307,-0.2654866143112129,-0.2995767310137292,-0.28944934757841895,-0.33619561296790657,-0.4387355640652467,-0.24200368690310606,-0.3472630851505881,-0.4093377240072036,-0.2930494155586457,-0.31749722020450116,-0.30241607363141804,-0.40719647247330604,-0.47549791309034484,-0.4383815363090781,-0.35821277275740154,-0.4238986355491351,-0.34980249163630156,-0.38356417324426345,-0.20260433017911866,-0.4932515163798153,-0.43436143129889393,-0.25192962243243244,-0.5044391826129098,-0.4959335725251954,-0.4174691132973733,-0.4063342030034884,-0.3674904030008496,-0.36244244009315296,-0.3459970839284308,-0.3859802156588319,-0.33294601415088415,-0.5850249111175909,-0.46304082234444444,-0.48972519549441174,-0.26851717025666505,-0.27452715632705493,-0.3110852010005217,SJSA1,H3K4me3
0.6506063533108838,0.770408377327846,0.6443084019285751,0.643999993606377,0.6227324817953934,0.6082446090016733,0.6488783610526546,0.6961551765312545,0.5994074626124585,0.5862014447915059,0.5950113001972488,0.5991787374637159,0.634713090665,0.7117209343589277,0.6206134288416737,0.6603115487776666,0.6460337829386219,0.6382996778377091,0.6043260623402343,0.5149726601394372,0.5927635795030846,0.650071256482008,0.6123022788394898,0.6484322189143417,0.6436687357650418,0.7289448476110192,0.55859842544915,0.6151928610474051,0.6029136336216216,0.6458183753807273,0.6139678422185871,0.6424496417251714,0.6287294518154178,0.6362555438434063,0.6204978411901992,0.6490262932288774,0.7084251576290853,0.6292698268918534,0.6202013644612462,0.5403689109761111,0.47206781553121213,0.6630404715117523,0.6302182976348571,0.6457985930931683,HAP-1,H3K27ac
1.1445938843054606,0.9800937858583803,1.0240135696614459,1.1967201770042066,1.2338042150506001,1.0305429281705178,1.0569329938039764,1.0705503334266602,0.958651566728057,0.9570911590777756,0.988045015013675,0.9995010217316415,1.1092889462396212,1.2013533054883516,0.9851301659766739,1.1000263311053333,1.0130355490539036,1.02593864924937,0.9502086994171117,1.0144528822168397,1.127048323307189,1.0748599313930014,1.0535529022305623,1.0467123485402399,1.0191551181048297,1.0001076034412106,1.1460141613185,1.0182765809251544,0.8957556704054053,1.010737021693444,1.0183038237178885,1.035913135131228,1.0663407738114146,1.0086328413694703,0.9977008474340943,1.0226633188433243,1.0968357816654348,0.9996819346860815,1.0089719144523077,0.8712118074444445,0.8902374723363636,1.1102810709203366,1.1194065968541977,1.086129184177681,HAP-1,H3K4me1
0.8659444082840154,1.1282792801221682,0.8893246769269266,0.8089507970865345,0.7500179855125533,0.8650688943356574,1.100861634213972,1.2368034848692069,1.0217249105268864,1.085149434950829,0.9709280686979243,0.8334983810834706,0.9613573397510908,0.8590146603593017,0.9581401578157515,0.9320217323234,0.9102907847231727,0.8540205837772883,0.9468830856950141,0.7525243699457576,0.8367184835635323,0.8756470342263422,0.8624154146285087,0.8799285466869678,0.8945421999611368,1.2525194711357688,0.7514244343399682,0.8576330491889675,0.7788940462972973,0.7529275675197057,0.7924036436518622,0.8464495403783703,0.8634434555855357,0.8905682431727846,0.8794712511669777,0.9105996127031425,0.8585283148833913,0.9366369558457953,0.8521810816584848,0.8459086394444444,0.7492362277736364,0.8782985126547093,0.8389311161738682,0.8766720805224633,HAP-1,H3K9me3
1.0307653472866116,1.2393956819025977,1.0466606870258461,0.9423475116168526,0.9689726069971333,0.9545800401332669,1.0164547270755664,1.0818090885301521,1.0008667866439476,1.0199911351315134,0.9472471245214931,1.0000143906020666,1.0575936305778788,1.0388266537477306,1.0298548363742066,0.9813286979378,1.0576538953552908,1.0597503451711527,0.9652380764787948,0.8375450936121646,0.9140347488086568,1.1066520599765264,1.0913484367472839,1.0403390915178758,1.046657627335511,1.277338068291185,0.8961443399383046,1.0046429499793557,0.799864000945946,1.0304607067570895,1.035770473450205,1.0940589260139033,0.9526930983533252,1.0380745337424342,0.9675583065820016,1.0825196481170618,1.1358692290063588,0.9864371622828629,0.9328981297989231,0.7759247741331667,0.8815005495696969,1.0638865099704737,1.0066878308516922,1.094282839488457,HAP-1,H3K36me3
0.8845294690611641,0.8828604599022917,0.9081941271351158,0.8695980217874099,0.8615547233146666,0.9345392987005976,0.8421419397253208,0.7897399449013488,0.8980105100820054,0.864334309416228,0.9542796751304492,0.8542356784976944,0.9177795982583333,0.9030551762224402,0.8479866029095214,0.9193058259746666,0.8997220345305963,0.9024966398872406,0.8796802015822337,0.8257169541720347,0.8537702576504478,0.8643628115027895,0.7800515145180797,0.8632683344456614,0.8759567128215378,0.7709362827616936,0.7869353667285954,0.8643249460000919,0.8743245982162162,0.7831479702651611,0.8211337166906189,0.8191335079055957,0.9430575767861317,0.8819361822037778,0.9181644394684361,0.8710662051658755,0.815775234610375,0.9322183049687737,1.0881676847292308,0.7812534921166666,1.0081447515151514,0.8628358023257736,0.8648803790332087,0.8685498859809687,HAP-1,H3K27me3
0.48491382050082793,0.6790544706568338,0.4932628526959336,0.3853366213036787,0.39605105463043333,0.4344865625528711,0.5266411274199693,0.5351405891695449,0.48466962676412756,0.49110715149148354,0.4824988025090048,0.3914146117049202,0.5398796000053484,0.5485289889549199,0.45454976219857224,0.47600173336666673,0.5202340310294641,0.5002815313886294,0.43237332732716266,0.2734020672455844,0.37600398460918705,0.48186111139636445,0.40211476319042344,0.4747490077984439,0.46436000745670974,0.6191121856840064,0.35475636551492273,0.40352688978911916,0.3227733333567568,0.33487692212269266,0.36959488351954184,0.4085731000355152,0.4453117728156173,0.4795914094049883,0.44757520152309044,0.48828415477395315,0.4832405605841876,0.49408430713458706,0.3163659089774308,0.42366243122444447,0.35365112896333334,0.5111858856556623,0.442625548133055,0.47833012871350183,HAP-1,H3K4me3
0.5805603805638542,0.5143781585543014,0.5410120118640658,0.526472135600789,0.4360606840150667,0.5302934064029456,0.5216605973915915,0.4900422866276397,0.46491063877691163,0.4874467479322648,0.490802149413792,0.49967634725854937,0.45879064268303027,0.5656731326539578,0.5134396711250746,0.6290293887713244,0.548136018701051,0.5729371728289926,0.4699644887739254,0.4442110726079654,0.4938134707391044,0.5614976222598054,0.5607714101808993,0.5455943123256877,0.5372723187112793,0.4791059614722882,0.5139689731172283,0.5185339522357323,0.5149635004864865,0.5295708610607234,0.5340214311099182,0.5538549206148137,0.5410849510015462,0.5344572782031067,0.5225560671461141,0.5446527531806294,0.5964379102959886,0.5148239574642967,0.5429748007156269,0.6416512490277778,0.49517941107,0.5616188884474176,0.5495143255763033,0.5668585038137619,HL-60,H3K27ac
0.698770480862929,0.793096095489923,0.7534712304331516,0.7281392175927869,0.7406632347760208,0.7749652842966335,0.9469235596022352,1.1915025072967271,0.8565248021750357,0.9725337726945789,0.8172491486766927,0.7415463061170434,0.7214835649553031,0.6697312488449182,0.8609091764649821,0.7396982023787334,0.7671276397570891,0.7280593875377829,0.8060444976289983,0.6585354776280432,0.755487806587075,0.7242928399898073,0.8168522235001757,0.762737865685521,0.7654593393888994,0.9188496437557815,0.6590295617504933,0.777412023876608,0.6880614666216216,0.6348566669648307,0.7152789479469035,0.7713350928618425,0.7383703321740469,0.740124353448961,0.7543363510465094,0.7560612175926326,0.7325452422583134,0.7693057524684737,0.6799789433993939,0.3873706921222222,0.6842796272726471,0.7430001422951433,0.6557689058794889,0.7480902044279978,MG63,H3K9me3
0.8884667371604458,1.0905542686707654,0.9150886053120463,0.7737109828511902,0.7321081419100671,0.8244026102638805,0.8534471543104741,0.9814134773014219,0.8469488288459065,0.9046088976345439,0.7792052014741911,0.8534701172323808,0.8620815082977272,0.8429209966757426,0.8758015665977579,0.8008869277263576,0.9265049861275175,0.9430949487243386,0.7923571315453353,0.6973666387219912,0.792371815702115,0.9433214577411393,0.9698988109306995,0.9168487572869674,0.9121321579738151,1.0551613071590118,0.674879376677565,0.8508459554887878,0.4486207727027027,0.8574607345157664,0.9309044276051677,0.9754837151470213,0.7835673954220992,0.8788766218163765,0.8230315053401055,0.9564339808547654,1.0543676597943525,0.8274202082596149,0.5811677383710454,0.4706128416572223,0.5896871704855883,0.9158668977562766,0.8660077031314978,0.9691434919419127,MG63,H3K36me3
0.8526248983927067,0.8363095978758072,0.8877320932140508,0.9309999009802623,0.9283347424553019,0.8843255242880839,0.9087572485131545,0.9175669162306207,0.935627189320421,0.9298983276545001,0.9543673558997005,0.8697075808004804,0.9409481709637878,0.8197251827469801,0.8561506178183771,0.8759180448777333,0.886002032475032,0.8930495203529906,0.876171354273211,0.8111819602629871,0.9210501956128677,0.8633069789451249,0.8385876122742991,0.847680320953572,0.849788088422799,0.8095490538878242,0.9266034755409417,0.8475040204297826,0.8369373104054054,0.7197338641711891,0.8049817412288547,0.8124295267995041,0.8424462399497548,0.8607566348309031,0.8950672918565351,0.864872291205844,0.8025174745364798,0.9132246379287481,0.8139154833102121,0.4164960662055555,0.8686184281967647,0.9125337071811328,0.84116800712337,0.8720978549532539,MG63,H3K27me3
0.311304531061133,0.27009019366930065,0.2769560759576869,0.3102277920088131,0.32032702323590606,0.2587570637573433,0.27884481131596484,0.28374082230588055,0.23956091801781954,0.2495777963962179,0.24095504151110098,0.24646322776562285,0.36634394348951516,0.2931697032101807,0.25551794719640575,0.29582396785917997,0.29368793262059634,0.2992993940802513,0.23431592108919688,0.16177912843285716,0.3044787532274364,0.28190068738611734,0.2883709451116846,0.28146127664244125,0.2612777462004187,0.3303268271956794,0.28262056556645876,0.24496283441752065,0.26691098135135133,0.23643780529861783,0.24173868736024973,0.2578578579363481,0.27645679003112617,0.2723929835341863,0.26591790012297156,0.2700791961043253,0.28290833652608127,0.26203963684838205,0.13924025990166666,0.2125474570611111,0.3348689872329412,0.333260920770725,0.2877663573735903,0.2617798751497541,MG63,H3K4me3
-0.1949682033098379,-0.16729697891839135,-0.2730015417014894,-0.31238807768485244,-0.25899228111944733,-0.2980688372671988,-0.22361783839403268,-0.10973166561677512,-0.17973704076563246,-0.23824677743822278,-0.20870089480607712,-0.30733123910762655,-0.11017051100362121,-0.14362671049953846,-0.29105298416350817,-0.329829362648894,-0.24936789021937356,-0.281898132946426,-0.29092076634721914,-0.3601927141810776,-0.33994028815709204,-0.2521334586259531,-0.35989310355419535,-0.2864119438874276,-0.2910779680023734,-0.17789717746610434,-0.31715275419025796,-0.3417154882175485,-0.30508075486486486,-0.32967814973234427,-0.3630394143978435,-0.34681836268531396,-0.33265464509089604,-0.2687595312395834,-0.2678045606744557,-0.25016218736957513,-0.3225236316607576,-0.19761722774652304,-0.3403887235669697,-0.4057367694888889,-0.3881229702382647,-0.21218446429785384,-0.26137171115171426,-0.3041301503266696,VCaP,CTCF
-0.2152812487383518,-0.0851786375582593,-0.31096159163248466,-0.18234167749413158,-0.22610626674835335,-0.3439948871043903,-0.33958704959202657,-0.26094008013050635,-0.3934057940042554,-0.4519638203912102,-0.39727433500945,-0.39091163429275555,-0.05442495065969698,-0.07597824500915842,-0.4925552461691775,-0.3102007274626821,-0.27668787279811924,-0.25561047099889067,-0.5432076315170402,-0.6222976044831896,-0.5186258273936841,-0.29344012135218855,-0.5343006867146362,-0.3007271475647297,-0.34312648493933523,-0.0987981669668134,-0.48451105347647055,-0.5390222820065823,-0.7443442386216216,-0.33625543450902745,-0.5151069034672928,-0.4526527154361435,-0.35328178501915547,-0.3268137044305663,-0.3502676932365149,-0.29048279835697205,-0.22007409896344227,-0.2879890603845383,-0.5153908623319697,-0.691297937,-0.5111942370529412,-0.2615217260636108,-0.1538712628581297,-0.30738942250629786,VCaP,H3K27ac
1.2487486202704035,0.06008585117300877,1.0387884609654607,1.369983575002623,1.3275303524661743,1.1574457862300953,0.8263080959946372,0.8244073737827647,0.900265280740329,0.8668282940682306,0.9905270437060263,1.3074874280847284,0.9355904981770454,1.5267291753531593,1.0955246073695382,1.069042351586702,0.9569669669474026,1.0173497638747495,1.0956951470913066,1.5094192252348917,1.4102630420599078,1.1994840513282812,1.4037193884972112,1.0790907516243986,1.0961315644550675,0.2459215335970823,1.6285361276430455,1.3545279084432376,1.3264156205405406,1.4399570933017505,1.3486975143032247,1.2443775764187524,1.2726018015772969,1.0841937004919224,1.1500461996705833,1.0274962303362558,1.1116327004620972,0.9722488134072249,1.1841442019991046,2.0802223370944444,1.1220609216263637,1.155613298525967,1.0299008153074944,1.111741414604791,C4-2B,CTCF
-0.13623432220199816,0.0025056222792134457,-0.14741726260494112,-0.2349203091272085,-0.3935981221789357,-0.18382002634778946,-0.027463913715079648,0.0985081260329082,0.02776370627341596,0.010588147143560118,-0.04920767407784425,-0.3235226638005118,0.09454322699098484,-0.21661734124867885,-0.3049072626951563,-0.24330211945112665,-0.10351819857822946,-0.08051157835924778,-0.24194454161208384,-0.4419944784731553,-0.3735198911200795,-0.16440095354580148,-0.3696229849970968,-0.17641928786798733,-0.1865012825193503,-0.054218891008101365,-0.40161484522623153,-0.30564235643342014,-0.4159013398029412,-0.27266619774398165,-0.32182585761533994,-0.3529862137552752,-0.2943999594212741,-0.15551571340709985,-0.13162166257081406,-0.12540921266470578,-0.172146795834937,-0.05044553386860101,-0.34259231258846967,0.07431122916666663,-0.5365447548616666,-0.1246610243538711,-0.060560618402641084,-0.13545678846110534,C4-2B,H3K27ac
-0.558636703515058,-0.33509075305247804,-0.614727904791709,-0.6576705539505574,-0.74524505832222,-0.6328578122170377,-0.6161533154119949,-0.4752249248804074,-0.6014157495017803,-0.6477622195124514,-0.5913324864096552,-0.6182025646241657,-0.6564313914978486,-0.49213628475136567,-0.5869671281509696,-0.6136402169144667,-0.6061241579009761,-0.6684704430944781,-0.6275285772294744,-0.6803272914521552,-0.6677343296018308,-0.6177719514448882,-0.688552357186183,-0.6125707983470648,-0.6079357890280552,-0.48802871736162023,-0.622013043372896,-0.6533723446775023,-0.6472062152243243,-0.562795183678495,-0.6360335190686095,-0.639849866441179,-0.6521934702692616,-0.607742956192705,-0.633250866213219,-0.5826923132864903,-0.6145320522290255,-0.5615830331780151,-0.6401079060072727,-0.6389891629833334,-0.5717845683023529,-0.5595727692623016,-0.6519040063394553,-0.6612257787747827,RWPE2,CTCF
-0.8647825222312392,-0.6787148262111169,-1.0030865262258595,-1.1221622874755737,-0.8818758287942,-1.0441802364050756,-1.0530550740242925,-1.1071431440600548,-1.1368417809810145,-1.1584060074199845,-1.1149621207513765,-1.1151686738389073,-1.0310854855336364,-1.0149189570510422,-1.093487349639088,-1.0965675298040667,-0.9998598424568935,-1.036213119010014,-1.1520168480606023,-1.1337352241763203,-1.195024357872818,-1.0345002612322418,-1.1293075024697503,-1.0020816985061753,-1.0234387019568532,-0.8351423630604567,-1.1892503057066681,-1.1198943560554036,-1.1333541454054052,-0.9635054846304684,-1.0665499908399791,-1.0417006525501717,-0.9653808437952166,-1.0144652907398501,-1.0683374444941536,-1.0011792674839535,-0.8995126951085676,-1.0465246577571548,-1.197417043968182,-1.360579681461111,-1.0601298557529413,-0.9998821470984903,-0.8959199620912115,-1.0106343778636737,RWPE2,H3K27ac
0.3582377929889609,0.6007685499658844,0.4229766440706116,0.36914137358445576,0.4147022163812,0.35312771906675944,0.24624820104669026,0.3681846295371338,0.2039890450872786,0.2401825865577939,0.1681902756787833,0.4854238344559282,0.2222906959087879,0.44447332347529706,0.48280124806805147,0.33161856265663997,0.4011059980463392,0.39311962393147604,0.3676318971970406,0.47634343627309916,0.33811766997217463,0.5014936139443115,0.6131374012960702,0.4446139751521494,0.46815444239520354,0.4379199312575316,0.4086697232122172,0.49774493177503304,0.3061856012702703,0.7488518700859027,0.6431157378350909,0.616530685397293,0.38745559556426223,0.4468336852975717,0.3530425507552742,0.48120249939026605,0.6586863424521758,0.2831159551300894,0.40668378948439393,0.3506454171353889,0.4800797356702059,0.3712755254985364,0.3424830638691868,0.4267451079862367,RWPE2,H3K36me3
-0.06015366257804445,0.06068162423234881,-0.09664715661838257,-0.16721022276496722,-0.20125140521541332,-0.12785948868277774,-0.05443223015195246,0.058721817202495974,-0.028594833417630052,-0.0680922414699276,-0.04253596787014307,-0.17323136940354908,-0.019412671662469697,-0.07111537783052228,-0.152247554545887,-0.16984953001247682,-0.07441901837745142,-0.08227173281795458,-0.164219417938008,-0.21557041730099136,-0.20937660496408134,-0.13399818211384623,-0.22501857208658957,-0.12069654881589072,-0.12392846895229072,0.08599010783230378,-0.2094049687111448,-0.20618847113136793,-0.20765496905405406,-0.19919193762762286,-0.2199554847628066,-0.19456108353858018,-0.1884268288932729,-0.10606519073674348,-0.1178367715563278,-0.08233155546649905,-0.14269594326094143,-0.03251094671530704,-0.2702840303880303,-0.22755409133333332,-0.28579836679529413,-0.07112268592794527,-0.05382641567106154,-0.11202973244030709,22Rv1,CTCF
-0.6797134795328672,-0.503686708618819,-0.7172444309330719,-0.7970527862659345,-0.5517394253708,-0.8056132554984413,-0.650657032598335,-0.5782012588255115,-0.6911085320189152,-0.7230723936406024,-0.7444464942500248,-0.7671143885080637,-0.6223209466312039,-0.7327337303757426,-0.7862869775175152,-0.7405443197138808,-0.6731227387798308,-0.678991432183553,-0.8263055524373223,-0.9031144100765518,-0.8223010724042538,-0.6660608033765266,-0.8697615325722782,-0.7147226539808751,-0.7426144790431083,-0.43426516011641825,-0.7851415052926832,-0.8599929841054657,-0.8770287841891892,-0.8592524171266572,-0.8485828988984179,-0.7900029830730294,-0.8080341052053629,-0.7155447050358286,-0.7556505205538417,-0.6996633927028085,-0.7002727960534079,-0.7060455821802882,-0.9324427400434849,-0.8207277967961111,-0.7892239001441177,-0.6293591486249988,-0.5810273302573187,-0.6952427836421132,22Rv1,H3K27ac
-0.479362849313096,-0.6907030197887281,-0.4603852893302532,-0.29336624075436396,-0.5215640187065134,-0.40697647117027835,-0.6646040783810994,-0.7633559530053612,-0.6732142867592185,-0.741535759674817,-0.5947633891690022,-0.32729372161226594,-0.602337302176591,-0.2896657861542432,-0.3014623164345766,-0.4458808961036556,-0.5093908828228513,-0.5746797132767344,-0.3830350202023961,-0.027080307821255405,-0.24872699648202737,-0.36414232093400395,-0.2706019882094918,-0.43981871321203425,-0.403987675631892,-0.8056377918200923,-0.10044752451144796,-0.2173739271910517,-0.15012474002702703,-0.03013876494836767,-0.15148988253736453,-0.37397515314990915,-0.3644218036003288,-0.39037518975399077,-0.44634969842420436,-0.563005143574476,-0.36663186186223035,-0.570195245718658,-0.35267825638666667,0.03339902906111111,-0.0003235727933235514,-0.5156504507613049,-0.5650453607504813,-0.6138112733048007,RWPE1,CTCF
-1.890374826869388,-0.3288264605484169,-1.754939368075917,-2.2270958385178456,-2.4263108645542,-1.9360690635224653,-1.8355667850826625,-1.8226260489770656,-1.8930308654942736,-2.102254696064511,-1.9443901618937218,-2.103256469620001,-1.706421452409697,-2.2185594673713154,-1.8627610039882727,-2.1359857720562916,-1.6803127838770153,-1.767133305430475,-1.9531262593195837,-2.1768652717314785,-2.3132327157964427,-1.8470112934241483,-2.158451111429053,-1.8418633876490293,-1.8569583870663529,-0.8104788458581719,-2.319789801707783,-2.1137205634839358,-2.2231116998108105,-1.777562525861666,-1.916922427482564,-2.1192578960689823,-2.1241273251230606,-1.7369045667273726,-1.9389002643608468,-1.8778387182979184,-1.6985420979190822,-1.7718730050937748,-2.1322601894328357,-2.4829959073888888,-1.875918653714706,-1.9923045802988932,-1.9284299873915385,-2.1433116949311355,RWPE1,H3K27ac
