,0,1,2,3,4,5,6,7,8,9,10,11,12,13,14,15,16,17,18,19,20,21,22,23,24,25,26,27,28,29,30,31,32,33,34,35,36,37,38
cell_line,Caco-2,Caco-2,SJCRH30,SJCRH30,SJCRH30,SJCRH30,SJCRH30,SJCRH30,BE2C,BE2C,BE2C,BE2C,SJSA1,SJSA1,SJSA1,SJSA1,SJSA1,HAP-1,HAP-1,HAP-1,HAP-1,HAP-1,HAP-1,HL-60,MG63,MG63,MG63,MG63,VCaP,VCaP,C4-2B,C4-2B,RWPE2,RWPE2,RWPE2,22Rv1,22Rv1,RWPE1,RWPE1
modification,H3K4me1,H3K9me3,H3K27ac,H3K4me1,H3K9me3,H3K36me3,H3K27me3,H3K4me3,H3K4me1,H3K9me3,H3K36me3,H3K27me3,H3K27ac,H3K9me3,H3K36me3,H3K27me3,H3K4me3,H3K27ac,H3K4me1,H3K9me3,H3K36me3,H3K27me3,H3K4me3,H3K27ac,H3K9me3,H3K36me3,H3K27me3,H3K4me3,CTCF,H3K27ac,CTCF,H3K27ac,CTCF,H3K27ac,H3K36me3,CTCF,H3K27ac,CTCF,H3K27ac
Alu,-0.01899923545982385,-0.05546443505186088,0.004657890473531534,0.025347609607987206,0.04671787113199935,0.012634007056027644,-0.0037096879478753747,0.0031122943199717043,0.04131374270429646,-0.008656272589808956,0.004781953903361302,-0.013871687415840678,0.005864543074333428,-0.011212911707186704,-0.021760157336960594,0.011577354323719369,-0.04885277900676242,-0.03278253093894333,-9.536267261810191e-05,-0.06069511361710908,-0.020728317684997957,-0.022447690834474118,-0.07217482215210719,0.006863558404060411,-0.0024773651934616916,-0.008182327002738654,0.0044560599901362925,-0.019485272849598195,-0.05427218264771899,-0.06168983191645107,0.28317943269356405,0.07387819842086032,-0.10567495258173287,-0.0803986710328158,-0.005640555723966296,-0.07569082502177081,-0.05393581913889421,-0.03853079652356701,-0.3100738232563173
L1,0.039828330793936904,-0.11464164980437402,0.0011261402830682894,0.04309951668936922,-0.13974105392525615,0.050913880218684454,0.04324993982817711,-0.015858089750646797,0.054199848427449376,-0.11756285764245579,0.04578592285954647,0.012623743102289281,0.004154153826851554,-0.13951328099046723,0.019699174909721947,-0.0004924683285428188,-0.03615928394316328,0.06352972142170357,0.035104300181389735,-0.12023596721457573,0.02875276346288879,0.00399408241107998,-0.0010139955482988045,0.016733042222469945,-0.16204064006456909,0.03175695062292139,-0.02103431991142751,-0.0006280139753502477,0.03850481738436512,0.07802065075203041,0.0833608394421965,0.16684151229570332,0.024880022580128797,0.04432118084264593,0.06537729589147258,0.0349741473435399,0.04911217058149013,0.13491913675219358,0.15521614182939086
MIR,-0.026302142632410583,0.025275067706708773,-0.0033234958811608505,-0.015347326270007825,0.015748318677645912,-0.019740488687333885,0.005764415267099163,-0.027010529244157887,-0.01113408464419364,-0.0013778423260821578,-0.03494302859598208,-0.010419630011690278,-0.02072029758683193,0.009277814685953126,-0.05598659470273216,-0.006481215451715467,-0.04896535241252205,-0.024079343260687638,-0.01875204802821793,-0.0017613128863498044,-0.039870641272763706,-0.003715242698364825,-0.04186536602699755,-0.030560186256185416,0.00639825406924103,-0.05282648139404624,0.0007347434545828496,-0.02593599350874629,-0.0118188920285915,-0.06531797563491822,0.075630863504544,-0.06515539532812502,-0.009644699863980236,-0.03449950746884216,-0.01555597914648551,-0.041436155403443864,-0.048360280643270755,0.08270694270272337,-0.07204351653399989
L2,-0.038960922522269174,0.03633977238492315,-0.013861307357130311,-0.0247986400232844,0.05221490476823316,-0.020156505186303863,0.0051155003263868215,-0.03235766782691419,-0.012436258787060646,0.01648941345606805,-0.038724268366114596,-0.018230411739374338,-0.031004483017934126,0.0338673324776462,-0.05989507484136314,-0.0037561311430774785,-0.06282177926662114,-0.05402277257171632,-0.026007339154943576,-0.00031359319967405776,-0.05344296179236445,-0.015716467092150077,-0.0654259272680552,-0.03569438223268853,0.02631192679161991,-0.05807518866371801,-0.0005054452608081663,-0.04124467133284186,-0.029898712274092406,-0.08910181016693607,0.09329187872968182,-0.09365746025087249,-0.019002161970597158,-0.05130612749210987,-0.015563858335703043,-0.0741333787613795,-0.06793756564571371,0.08171289207011641,-0.10917016577696463
ERVL-MaLR,0.046020803184066095,-0.15069692150452588,-0.001625976994549628,0.03129233556209992,-0.08809934919122517,-0.03910767363207409,0.005280686967432477,0.0009665389274029626,-0.0011392293167432467,-0.08132447055383565,-0.03157626616408227,0.009741101395628206,0.011571634838393503,-0.07386500532356002,-0.02518392949489429,0.03783640926226541,-0.015572080423109754,-0.00787355100276745,-0.0012381023920643793,-0.13387136262545338,-0.03245098126386962,0.042165514103513886,-0.024630771501796628,0.00947413948825291,-0.14076391344146738,-0.06250264445087608,0.004646871425541469,-0.013175082299193758,0.004111962159482198,0.0072219929617148085,0.06996658276000214,-0.06902022640332488,-0.004657028673955643,0.007002420604690346,-0.01796953344106117,-0.011679325963098263,0.0009474575951856737,0.07738197642132721,0.02560636506671509
hAT-Charlie,0.005669015826373329,-0.01615816929056662,0.0018737119705039558,0.005337505184485344,-0.003821111058789922,-0.034509994909513696,0.009758905533159475,-0.007612292408123958,0.0008151574245036617,-0.0073541504859788945,-0.031131275163351717,0.010628166483456675,0.002475097110031282,0.012745068251713168,-0.03565481450652882,0.026259362892643506,-0.014364275358379296,-0.022889098535682495,-0.007867217045959461,-0.03181784792042546,-0.04228145949426596,0.014461970582298415,-0.02321742898125498,-0.0014620406496588022,-0.010374095197461458,-0.04700625947915632,0.01568694975516189,-0.007274642770745664,-0.02556680250503262,-0.03467822482783311,0.06079722132249175,-0.053719338822679034,-0.04254669703885148,-0.03246918750686285,-0.035721892994394544,-0.03650265259165547,-0.03361231770654093,0.06183751209122616,-0.056602845967047996
ERV1,-0.06614658915587382,-0.08234210822207379,0.0027760155748016266,0.008449816491988846,-0.05079663004447417,-0.004914206741761417,-0.00629913527311161,-0.006953620750757449,-0.0012378529980936318,-0.07192533962270728,-0.03528025578252019,-0.014129106268886488,-0.011153373864532242,-0.07172028477650252,-0.06822319102174079,0.01774530931965385,-0.05994544462075947,-0.05495158555758096,-0.050848533704358684,-0.10199675415672343,-0.059552490149432154,0.024536194693346936,-0.06017098583778043,-0.0035565647618900076,-0.09063564839682381,-0.06972450210828414,0.007390631949401043,-0.021363636571672208,-0.014709132357338426,-0.06202284991552304,0.139654191779079,-0.12245887130333816,0.0018451544869173908,-0.04743341785526059,0.010482855218495773,-0.05410027036852658,-0.058611464297828944,0.1362894553668177,-0.10422770434253197
ERVL,-0.012520343693857334,-0.0628716375110507,0.010027021786818809,0.01565208646806909,-0.023001624737547317,-0.04866787558547451,0.014119405670735777,-0.006866691221025667,0.01580817978336166,-0.009093815840420336,-0.03110056586069432,0.0210529412448224,-0.00478549986452774,0.03570395832177255,-0.019907110073988887,0.034821348108003726,-0.003937722342400242,-0.04207429173811343,-0.014602558045962763,-0.026900856231863186,-0.025451545673373186,0.03211769772542407,-0.001839137015595404,0.008029633045276286,-0.007664262625302766,-0.034459398387851364,0.05729410078691204,0.011525204394141437,0.032783478277046994,-0.027414938032894794,0.07387185243945817,-0.07703024321243448,0.013960361883249063,-0.04026308013524128,-0.051634764470849324,-0.0036748273315485363,-0.021072265767059072,0.08071734661929368,-0.08464475839961924
TcMar-Tigger,0.036730993093686576,-0.02960645717262339,0.03083601568005165,0.05357210779803585,-0.08368991180002715,-0.03587805182619396,0.017618319004357452,-0.01935872285383211,0.04745945913196408,-0.03904216852046569,-0.027404022351900748,0.031054852459410177,-0.005043137322389378,-0.06280927864847928,-0.05191263309851629,0.011005876545320058,-0.02011113936930728,4.143167132406189e-06,0.041319289637414054,-0.03505784363903722,-0.03991200587821196,0.04132248097374152,0.006111410986977284,0.005051681344393578,-0.0650401182379307,-0.03854449560221886,0.0394382783280401,0.004904103227310929,0.021426034540180033,0.06345789474216072,0.05089313719068001,0.08448333822188771,0.005053167065130539,0.014414660244293203,-0.04073237562064358,0.022908420329512676,0.01125719008278385,0.07666387885006236,0.07094459977666506
hAT-Tip100,-0.010854011351209163,-0.02717717822602449,0.010021752454700699,-0.015482089552879592,-0.00994935292890214,-0.03397955481411938,-0.0015881613925636925,-0.02548285939403192,0.0026444182019500877,0.015543426554114293,-0.005821275644332934,-0.003753929102602026,-0.009437372595429788,0.07569802383574037,0.019147300908074753,-0.006384798725673777,0.015471076792072453,-0.03152154342947918,-0.02095694698243649,0.01417656580184477,-0.003023345013587907,-0.003356394919995778,-0.018599039163550723,-0.011447606489320097,0.025303684780708328,0.003778756146110091,0.04193099242242926,-0.0020540311256906497,0.0022930712404348446,-0.03254388881312599,0.010804959630843918,0.0053704018883112365,-0.02800765874713714,-0.03990525990994294,-0.05528462013098334,-0.01207828463121763,-0.01801141192348921,-0.032678504046377274,-0.068683293126833
CR1,-0.03501492498710586,0.026751943834619415,-0.014532266199592626,-0.022319276302743284,0.032833050401474585,-0.0231966632544442,0.019783200890216172,-0.028101991967973444,-0.020674381418477987,0.021171715101491,-0.03781217469101967,-0.012337198437001049,-0.0264956624532022,0.023463023438889393,-0.04957148852069824,0.01564116383054378,-0.03722973571127501,-0.03825609918261728,-0.0371502232108719,0.014715989339044453,-0.05059248302075961,0.010757673097538615,-0.036865040269191164,-0.030934289232607545,0.025810057438672415,-0.04820624413210533,0.013677030699602943,-0.02840025566232574,-0.00509231547618912,-0.060735983628181445,0.03521556551695409,-0.042320841575514405,-0.0008257789217193276,-0.03920988986477587,-0.03149307069979065,-0.023223225193532954,-0.0440965022438091,0.04429324325009753,-0.04409958580972413
Gypsy,-0.021217753936061352,0.00996532171578326,-0.006489103910095611,-0.016704729692269184,0.0315258286192648,0.005791251231876476,-0.02975792757956074,-0.006118847995066865,-0.007364837833344329,0.015620601956075814,0.0021061202060598553,-0.029366173836773257,0.006442665141242536,0.03509556009303982,-0.01509923307473623,-0.018230798331996395,-0.02732639255467263,-0.01120298480495409,-0.015781194527257927,-0.004498775901028307,-0.00534282030136209,-0.03627068679853004,-0.039758325989497675,-0.003259852776623986,0.01977046550626876,-0.02200766101997271,-0.019044235790000384,-0.01556946087627581,-0.01831298786409493,-0.07077804676735028,0.07053361767566713,-0.0613129154416839,-0.010847015893255858,-0.023649324914499257,0.020871907248649724,-0.0426808847200044,-0.042697984964342565,0.04499277972880416,-0.09306266728558547
hAT-Blackjack,-0.014535697872609653,-0.012097779782030907,0.011786774292148663,-0.022920582670609934,0.01585256721720677,-0.01662054677935925,-0.03536934963740697,-0.01807750044461188,0.003215209037123681,0.030483003491141747,0.0036415918983031675,-0.011479415419356155,-0.010130980485983515,0.11161344062443779,0.04845907254814961,-0.013960692989782274,0.028790030318988424,-0.029414827956354753,-0.020186085681610698,0.040293661220312846,0.021395717337144148,-0.014208074714688953,-0.0035865200195040925,-0.004293334821461795,0.06023386273685542,0.04144710738287665,0.04817620756986381,0.000311365624374948,-0.0009846197384622362,-0.06146002304400445,-0.0008546084007970853,-0.04613534541318407,-0.03597719609992735,-0.05655115309854406,-0.033935305878762555,-0.006697512580739303,-0.01587707329761935,-0.041050876322728413,-0.1040456103028697
TcMar-Mariner,0.033880936423021125,-0.038694330893997216,0.012264726887001299,0.019869751204703138,-0.0591963731709794,0.017868360874366728,-0.030130906288711026,-0.02196624028455614,0.022162348708543816,-0.03975539717384121,0.026948144629663683,0.01918389186454725,0.016986481444139803,-0.07184870950045205,0.023037885839891633,-0.033086827762003994,-0.027960726312433022,0.02143354357634544,0.02811766972600378,-0.04004835608369148,0.032329024693036515,0.0029407359116802693,-0.0011277452167726808,0.03267006467052049,-0.058534958658139256,0.042857500586997214,-0.026551626779586265,-0.014632047905748262,-0.03058999307282434,0.052036536875176065,-0.0012590688326537022,0.01628963265457976,-0.01084349765624527,0.049265369703640156,0.07555723985326072,-0.017072717990871997,0.036366419075798746,-0.022882732327359753,0.04270753919120833
RTE-X,-0.03471703641841633,0.06800590276097085,-0.012822851704983542,-0.03268387093335885,0.07043331091689692,-0.05224598502044841,0.010694844680163644,-0.033021004062437145,-0.023537392966075075,0.023680513927180184,-0.05890632648123982,-0.004511199834955151,-0.045996997892190444,0.012426682277294064,-0.10946532999209886,-0.004732208331695939,-0.07997970429347602,-0.05876563538963665,-0.03279770517747352,0.018174533964550744,-0.08401479747957748,-0.004578609118265338,-0.08396209359854667,-0.04351747648855319,0.03426882779346929,-0.09703068760299433,-0.0032699736397064447,-0.04583021471840366,-0.037922258089703974,-0.10259229080921498,0.11214273310580913,-0.09506779993205018,0.005232855209587481,-0.06324089135007042,-0.03523945079839893,-0.0975331018771072,-0.06576880552507611,0.11793708181581326,-0.11863984408812936
ERVK,0.05765837787754704,0.12941357760910877,0.0023233272067511397,-0.028205990667002964,0.11747794434952351,0.021093912370121093,-0.04385133320408654,0.029813897460366886,-0.017274396965880356,0.09791008396775439,-0.0044606942574400635,-0.032096415409912864,0.018056673756826253,0.09015311241423514,-0.029263728575008443,-0.015761455973176776,0.004611170658754138,-0.2077496198961451,-0.12171336123000212,0.09352903867932688,-0.014803140432629112,-0.0014211280098434574,-0.0679625232289511,-0.002825443926300218,0.0503226167706244,-0.03857225582370553,-0.020883352789372128,0.00040067793122174387,-0.06783164796375861,0.0019153839460416431,0.07963020842141638,-0.05703275160515772,-0.0622740033257109,-0.02879019771818921,-0.035593806082204124,-0.06215852659204377,-0.03156812211180393,0.04776279466478367,-0.16993701012611193
TcMar-Tc2,-0.028053712581902365,0.03356283874342772,0.02360321621800292,-0.0051982987992321185,0.017170393281139208,-0.06565171998052843,0.055676404358001925,-0.00818867684074173,-0.019735535942132065,0.033029127588736704,-0.06234299392962939,0.009856433267337787,-0.034878384454787296,0.07174892821329322,-0.09780487214088937,0.01897218023310622,-0.014684608423743164,-0.01226868351073131,-0.019071561340198554,0.030234352629170756,-0.0733913886966026,-0.0016315283918763627,-0.01641692431712104,-0.019177330777800795,0.025465342263130655,-0.08647479710076816,0.03623071150719897,0.019827698620204,-0.0035829634443523602,-0.07261953008604928,0.0324596225519171,-0.019823632161478248,-0.01891275963058473,-0.04940059405734854,-0.07461403332762455,-0.046270366179853584,-0.04471852381081882,0.06501209337391971,-0.03102345919402795
SVA,-0.07768953198448741,-0.5261748342225925,0.12039631848413476,0.27960144609774673,-0.3529657741628101,0.08015051473082309,0.2676468301112194,0.09608309207700011,0.21342553346473905,-0.32919235462187413,0.02294505638053047,0.0767470272431914,0.030957005222740967,-0.25575879830461223,-0.09271675574937782,0.041219662790791596,-0.1711031357860601,-0.01645545712582309,0.02620157646109687,-0.4371129336765568,-0.1209373939903948,0.09025338881987381,-0.04420750107006278,0.17522293596247857,-0.17929770891834357,0.05872379812263435,-0.0036856931565124075,-0.021924805498494803,-0.1346880649565564,-0.08073084785982207,0.4768182848848346,0.07677634385612372,-0.11214766019080201,-0.04669314377920347,0.19054441823019216,-0.276669065135945,-0.18082234255718713,0.3626352051338634,-0.3084100902940101
RTE-BovB,-0.034851079145332906,0.031720439367002244,-0.007260610630642007,-0.0005207857180259403,0.07210257331481512,-0.012044992999584917,-0.06529567483441792,-0.024626028421422776,0.00791029887786588,-0.007304257439162716,-0.053465863238582836,-0.05100793131130815,-0.02363268443072732,-0.04162651215605236,-0.08912125025669651,-0.035500661996925136,-0.09891964753584409,-0.015322611393122324,0.03548569306966073,-0.05218808056103275,-0.08077875598416205,-0.06615872986562027,-0.09537229792645747,-0.03201712182552322,0.023190594590278585,-0.07285098140044266,-0.052191263354424026,-0.039141786472982644,-0.10308297218860128,-0.10526687031828728,0.14038470198603903,-0.13495595282894637,-0.05169331570523835,-0.031071579068169323,0.007090519428792833,-0.14410375269195272,-0.07462372484363994,0.11751319874980078,-0.15399011529962417
tRNA-RTE,-0.04435692298344595,-0.009898065591221963,-0.0043742284172088395,-0.010914051276499795,0.03444330573187381,0.00029394165158127704,0.03912896600551064,0.01985858168794853,0.006406798249182965,0.027095537641127505,-0.00016708836726011983,0.02720676298493283,0.005533899227181617,0.009278907201217,-0.025710806492322172,0.010022096585962348,-0.028925106714265333,-0.03248850284788333,-0.01616380115453737,-0.0025319944734108753,-0.025618770598546114,-0.020811926156958087,-0.048499655678191325,-0.012351788392540216,0.018544582764214067,-0.037212633713645304,-0.008834445291491824,-0.02621748931751799,-0.025648768311991154,-0.05300535631467371,0.056791288073106454,-0.07043204149440874,-0.0244078373077219,-0.02398373603848671,-0.010068566212267623,-0.0355075292668831,-0.04935744211767008,0.02408387390442536,-0.10125330529367067
hAT-Ac,-0.024638880375936555,-0.05966068568057679,0.024182152390262467,0.03372446076015046,-0.0037826261930471753,-0.0624087202880133,0.024800974875380747,0.006698825769361793,0.057907157201786214,0.009274580947522036,-0.052654011478993665,-0.021837593994628212,-0.015432741122300218,0.03072855835659259,-0.05260933028233593,0.025053866147938746,-0.02472336479353812,-0.05262297479205605,-0.011558437101273593,-0.03482342139806265,-0.07774381290036417,0.020420704158083197,-0.04457115963311438,-0.018793996673478485,-0.013066951206355166,-0.0708285846069177,-0.0006423583400651198,-0.009602421515194325,0.00344388797723355,-0.029553687099234158,0.05750972336731609,-0.04916031894024965,-0.037752959372454736,-0.007147081546449782,-0.05620433612796886,-0.037501012867218395,-0.03852696348641546,0.022429673961559593,-0.045232617214507144
hAT,-0.01579019008786291,-0.020385674393773884,0.012298203026638517,0.017141011699833023,-0.012308546152613795,-0.01270320413555497,-0.021858716182408956,-0.029346950571049336,-0.005735535915755105,0.0010757529073461627,-0.022710304381498528,-0.029180889542694818,-0.010622747565664656,-0.0008036364280023071,0.011169872290013694,-0.02876315758963181,-0.0006464832846670522,-0.009885054432333382,-0.002357777963464158,0.0009515256785766062,0.00410458464932027,0.0034145312249547065,0.01522052606790059,-0.0018506594147436938,0.022866603971206528,0.008541920643065384,0.033010185239843615,-0.015375391707482686,-0.03272795589246629,-0.04319116695654814,0.009845665087154029,-0.017435741405586055,-0.04626256611010349,-0.015765088286478074,-0.02309536134554395,-0.021482386773322055,-0.012707850798447865,-0.031388465918624917,-0.0412183297591791
MULE-MuDR,-0.0057925528279404144,0.0033101306165748815,-0.03392099019408105,-0.0021584609784585547,-0.041392495291706986,0.0015534552616176258,0.04388476478040748,-0.01523003554766242,0.033999011648062405,-0.037644024202988444,-0.0043989498426614876,0.02022166467939003,0.012548936431218677,-0.01299301937831966,-0.041114361361959416,0.03485110555788853,0.01361310062144073,0.022292058536639597,0.020658030796604245,0.009896574674737337,0.003175793457364561,0.04205239741197107,0.01401338194871665,-0.06196040835071344,-0.0356183918882636,-0.013664319792059995,-0.001224155446474005,0.0041118545883476855,0.05642952344374983,0.0355854051367087,0.04753120946761351,0.023514560121503998,0.06517443314952356,0.015150501289023345,0.01270529270288003,0.011571844243458548,0.011154063406072017,0.11634346433617967,0.042028582928616984
PiggyBac,-0.05062178286719437,0.014332522679723006,0.04829359693564794,-0.005714913669236555,-0.044866242025795276,0.005089499850871541,0.05768286228645507,-0.030596308935261416,-0.018092089362998127,-0.058721344734202215,-0.05045755537680436,-0.04380760560480471,-0.02838133194685564,-0.09812007756067073,-0.12166256384740144,-0.06077661545243773,-0.08624399289226774,0.009905831092989988,-0.0706371624249955,-0.010850553344593582,-0.04687342945685868,0.024853151949372133,-0.017854169184359808,-0.005558684537687726,-0.11203021035433798,-0.1060504372313547,-0.07905725771753978,-0.08330118316759622,0.016418549282332107,0.00841424777420659,0.015371375008239353,0.0397438644298855,0.036773065708144786,0.06887143183068661,-0.004224670682268624,0.0014671948666326723,-0.0025372336756164784,0.17590690654246752,0.20037754785245723
5S-Deu-L2,0.010868595087370706,0.00605240234251572,0.011243999486360706,0.032309298543532636,0.029622525913428992,-0.015459626714328737,-0.009778016078037625,-0.007093440081622965,0.010405176871843646,-0.019411209991169638,-0.04143233499764654,-0.039410832017273335,-0.0059110944339866855,-0.014841545608505157,-0.03181196488785777,-0.015042476694786167,-0.058959928243051525,-0.030534980062078745,0.010613967690819709,-0.06081458731609765,-0.03978942214495062,-0.037887309183800955,-0.042612915643219534,-0.009758607882264871,-0.041002799194815934,-0.04042249484669778,-0.011672091787643816,-0.03370251513949696,-0.08220514387740424,-0.014635051685391183,0.03627168375712678,-0.05485816622672071,-0.051963508748629136,0.00530203571437423,0.0018984669668231989,-0.07371406773761853,-0.031718477636785834,-0.0035099660110395037,-0.05347318692452614
Helitron,-0.04883861018250974,-0.022929008697918016,-0.0025466086053412156,-0.011063948361948512,-0.011484629054352208,0.025042588980952633,-0.019459117187015994,-0.0398890345716953,0.005287932537249422,0.02511788646870581,0.03950819545613307,0.02807433644668771,0.0052961838196227,0.02653742004359866,0.03602096931691367,0.012697200387087158,0.010535709488495203,-0.009167944366267503,-0.012392753357715313,0.04125334781485551,0.026756186955983495,0.016225415974953892,-0.013668089431850855,-0.004307814838843739,0.03289217132492536,0.05312441135785749,0.04845253713216695,0.030733326109579694,-0.026657456774885947,-0.08006441650042903,-0.003272752728639386,-0.06009825626940388,-0.006343127447078214,-0.026100162351886416,0.03272086337652437,-0.032104097032343924,-0.013824770013732859,-0.01874057927399874,-0.05593964472659118
hAT-Tag1,-0.047496829054565835,0.011512460103604428,0.017209936076571338,0.014352265055791886,-0.01143736998290912,-0.006603319049838466,0.033837876747464,-0.054945048201777834,-0.04773040583069014,0.0036418689251639415,-0.03947904979928236,-0.0025515670928143138,-0.016706869740397975,0.0524377383187308,-0.01043609163560343,0.031184433516303033,-0.06450442730730596,-0.026082608039364606,-0.028565483430569024,0.022007489074683962,-0.02148442131887575,-0.0017411329384466527,-0.0645198533696335,-0.024135232750796525,-0.014227009589766278,-0.04473558150252158,0.025893437534671663,-0.04341671394679172,-0.022808935990737023,-0.019946226607843183,0.06336136848224566,-0.03577100784487058,-0.010356504293999211,-0.07285440733044686,-0.02923536772035135,-0.018505468955704676,-0.049938571532529535,0.0584564373774711,-0.04253503966344157
tRNA,-0.016953219346670503,0.006491408660008711,0.004233021992283464,0.023785160180523957,0.004963634418191964,-0.059874905596992274,-0.055138389472219156,-0.02653907956720246,0.006929027878980574,-0.004911405343171741,-0.09208347781347281,-0.039084065459845246,-0.033780942791209814,-0.05492070963613605,-0.12615639086823088,-0.0038710204299369274,-0.05275533405968112,-0.014061318173401675,0.04884123339333272,-0.006967839451061461,-0.06861531549571329,0.01857827830134368,-0.044670918727419545,-0.017425756109831183,0.004866046884585859,-0.08378850062621859,-0.030267296137400052,-0.014223062137502372,-0.03742048487910418,-0.08542168492308182,0.09203707681524886,-0.17048598206179919,-0.03050519584355835,-0.08823018890962424,-0.08483321949419044,-0.06675372911617168,-0.07285043087880504,0.07620070766218719,-0.1803455627467671
Penelope,0.018618802612550726,-0.052579098802406944,-0.007415229960229524,0.04165082716339417,0.010466988307718438,-0.022022972931832863,0.04719811750856573,0.0018883337491166778,0.07915542652499923,-0.002463849161026997,0.024591605653948728,-0.016050911274132128,0.04238010910146407,0.01802680052227737,0.027290450167446908,0.11000104462540779,0.01901164744839739,0.01818601323021073,-0.01767578631575754,-0.048803128592652734,0.015415638499009223,0.05186228259103379,-0.0010640066055463797,0.021489840295803253,-0.08352121512105266,-0.027743566358025586,0.01853642201533621,-0.0783714845302507,0.006553087303433558,0.04473499813071968,0.023935828876079118,0.030563846959624816,-0.05026833893835664,0.011424759402782236,-0.022654538884587377,0.002821696410908789,-0.002697983650215733,-0.04869412750639919,-0.004562769985501471
TcMar-Tc1,0.12546921174062556,-0.017575219682933886,0.03564179073499738,0.09254389463871959,-0.004774964209824009,0.004662656289547002,-0.04272334522619977,0.007352340951726224,0.036633252459393896,0.0045877026658906325,0.05892401615128519,-0.023753668620496538,0.011127762178521008,0.01389773415434681,-0.05468404758277179,-0.04171690843609846,-0.04294665109998747,-0.044451312340795475,-0.02005904564819195,-0.08416707879228526,-0.04003564550077718,-0.03336099542939491,-0.07428614430743248,0.00594126586333139,0.036241410767111557,0.0170157200550505,0.06059000569191003,0.053254277378513966,-0.03876648190259352,-0.05770289601630482,0.14794549905567786,0.006996479133361783,-0.028974156652671865,-0.04767027656864942,-0.02813438150941609,-0.03785564517037915,-0.06998055547689572,0.054477734540947724,-0.10308505783156198
Dong-R4,-0.07803693083703936,-0.012583417950473571,-0.05070293070781373,-0.016532819736581862,0.05546861425155478,-0.02041421053913581,-0.07706648497721945,-0.04842677617389369,0.007630192257266685,-0.02050710760692889,-0.0034434985386018455,-0.09068449928076473,0.06664537084815998,-0.011183118741892034,-0.020694177640361668,-0.05227295773678632,-0.09598850981314795,0.03854826058440524,0.026474589292944193,-0.01580567794830345,-0.08180674488240686,-0.0659498699821083,-0.07796432290798481,-0.008251254696348177,0.057160856676669536,-0.03435510235340118,-0.03863654078237229,-0.05013449802799858,0.06574615637946571,-0.028581348899522258,0.13107029986899355,-0.09965487457723052,0.09073258124400119,-0.022399396501139642,0.03769544189032491,0.024926694765247278,0.012157686729400036,0.08825501778549891,-0.11448695327867248
tRNA-Deu,-0.002798858303534396,0.049016219248130044,0.045944056489122774,0.0020831831697010893,0.06346782417497339,0.01773079568647646,-0.025191478682630785,-0.0020171624839113666,-0.003073707222918702,-0.031056780380558948,-0.05627517632643272,-0.047595692604249146,0.0562116205317333,0.07176043194183451,0.03423873926332731,0.035415967169972376,0.009594129621357472,-0.01688093455453798,-0.003832082870285581,-0.08106740596825647,-0.05400796029832884,-0.02616927921025112,-0.032314424893853604,-0.012397685129138476,0.008095849578568941,-0.0007736167094795896,0.011891832419199678,-0.01279506025097948,-0.020191834575891358,-0.029044767617464884,0.030645655729207043,-0.09144566088783734,-0.03373961283034346,0.04160885976359281,0.041036084092317654,-0.06537233434215864,-0.06900887463650798,0.025309322688598437,-0.06154730605631089
Kolobok,-0.036696037516191125,-0.020790477896219985,0.009047566931374616,-0.011123914412589751,-0.034114294632215894,-0.09097481989556826,0.057955611233031674,0.014351900348421844,0.024211498455701315,0.039344385323306696,0.011823409587736084,0.056209597284296156,-0.04146734631453356,0.11789833190078264,-0.01602503287260092,0.04091061216195981,0.03890072728939687,-0.05956699803239435,-0.0625411318981304,0.0726060139750776,-0.04842692081302724,0.061311068136418366,0.04468493718013187,0.011859134969615184,-0.000523812531041316,-0.06675636205464823,0.0035714765637496807,-0.018409078419014215,-0.08417182086861792,-0.06967552190042695,-0.10881287388730362,0.04265637652232365,-0.12238612259105922,-0.01302955623031487,-0.14290093153184033,-0.08248839457219499,-0.015484999913663155,-0.12081607435864627,0.02381967545165837
PIF-Harbinger,-0.07774105137135545,0.0033152585433970723,0.00764287728628113,-0.023875822627023792,0.013725836243424033,-0.02232795335576983,0.05717890832918119,0.02244350175259209,-0.0034277761976661257,0.06400574449526841,-0.03912054782240789,-0.018694556981561427,0.00048068615340692494,-0.01589571878027546,-0.15594000074481132,0.08064330728100634,-0.04793715386260091,0.03458516450548277,0.08064984875314535,0.0250018030573631,0.03349559489065856,0.07040488148636231,0.061968910230874405,0.001936786774249376,0.05758881022432944,-0.032116695458563695,0.0811547512438023,0.0717682847008479,0.10710145987539374,-0.02069005617209711,0.008873254210959183,-0.10195091501797705,-0.04322393033998486,0.03149988963758447,-0.10125479378951209,0.00505000640320428,0.04098716359437252,-0.08043670999575427,0.010589738774841366
Crypton,0.02771088648812201,-0.08775243516102224,-0.013731695322900849,-0.0784513363430019,-0.07699523393800575,-0.06488042330494143,-0.034815275130913294,-0.07144380843700376,-0.014153829733261295,0.02408282471661771,0.027322387614352905,0.08472163721204516,-0.034742487484284566,0.016831430079322286,0.016352582603513757,-0.013362785448584104,-0.026355425616987022,-0.06918909152098353,-0.07173169697277156,0.045312753275379314,0.015326203772378642,0.029620305361510516,-0.03209360194666807,-0.009244159392697827,-0.013100738663154836,0.02930156105858719,-0.05984249174730937,-0.12195911602018382,-0.027036020153326193,-0.06384161472557535,0.0397429720322033,0.020031952229630903,0.008343068208900385,0.039966017323156945,0.027420228728700872,-0.05162638442525819,-0.07990273208954791,-0.006674154377635814,0.025894326532455034
Merlin,-0.07534709921829655,-0.05935662077996488,0.06811610361853113,-0.011969503599785707,0.011064391734187133,-0.12532550347128446,0.06813605549372523,0.07496615180773639,0.01672915113388517,-0.06627254356160862,-0.07084625479370704,0.06538747427533544,-0.08208883634959,-0.1191704397665392,-0.1219486131935322,0.036976841779774915,-0.0017304276746699424,0.012319639826152027,-0.028627550704984864,-0.11998821273188336,-0.20421069691164653,-0.010613812181496934,-0.09938357433273062,-0.07364422970644242,0.004785920844174116,-0.061053519565940254,0.06848880265575191,-0.02514298976085554,-0.10540357414906364,-0.008241089068916357,-0.018726947762263246,-0.04483039136535664,-0.02590000566124719,-0.08130004991764662,-0.06245940322032416,-0.06525133682332143,-0.04810866885048607,0.08926294109127864,-0.05338677279734298
TcMar,-0.08624316805670275,0.046032180628574546,0.06825597958143861,-0.07886750982752529,-0.08814607713771014,-0.021075924044238352,-0.06376036877024616,0.0017548608186760551,-0.052536134581530794,0.0079900123883493,-0.1274156067819075,-0.04127748779098973,-0.22405399622863417,0.02974789939739405,-0.1293235563565447,0.021310660085730997,-0.09236138739615798,-0.03867349798914309,-0.039185744247173214,0.017631124219114634,-0.13155443328266614,0.07752999441229422,-0.12998868839976346,-0.003719337249833943,0.06291686967168755,-0.07867277182081095,0.055015482851023756,-0.001521117130963415,0.10151134812331411,-0.003844452970696941,0.06190830513766832,-0.042417372452455075,0.0698849724628053,-0.13257339109169955,-0.19217405683359423,0.07842309275518589,-0.014894777058634328,0.03478945164303523,0.09862556185269679
L1-Tx1,0.017378777402240204,0.010202665675022383,0.08873977778312897,0.12042112088456979,-0.005165039866939222,0.05124651702967094,-0.01138052814003914,0.06632464371280605,-0.08049304790380235,-0.16146927603732347,-0.11309855033750632,0.0017475964202808662,0.09197383515445681,0.11988872638242204,0.008821526394611794,0.11626973649411708,0.03884825651420158,-0.18382341174076966,-0.14658763216887838,-0.21308927931241578,-0.14812983124456758,0.01195752653602626,-0.09239719181063076,-0.10720071372824394,-0.0409427279323816,-0.052666198480008815,-0.011602501244704702,-0.04809490511904001,0.12221613740382538,0.0024505152004203157,0.30881022430792815,0.033031536732299784,0.03173564601360514,-0.04143793625359679,-0.07505100858300046,-0.09487357237405186,-0.06260630187621262,0.19237246715604,-0.04044590893359411
Crypton-A,-0.06931664368139744,-0.013073889839394923,0.0029553729542022536,-0.1737105446284831,-0.01604633596489061,-0.0813475426999812,0.07075080490580053,-0.06867968936604213,-0.09351271039114399,-0.09143779776440965,-0.08014570356312233,-0.15929370279158675,-0.07567071717886212,0.012392043378047956,-0.1179838214212211,-0.02896776599582002,0.08492307545657499,-0.11082138193839243,-0.11349030976205525,-0.06915278323264253,-0.10482808128773725,-0.031084850925542706,-0.1014912254432819,0.17986931543999068,0.03524119426022933,-0.057660080651172084,0.01605933759472364,0.015330950077724552,-0.08079910925750516,0.007163224577699813,-0.04918205534053809,0.004881046488681214,-0.029751907206141952,-0.07464677260707259,-0.09581069999231975,-0.08980024153616357,0.057670337157948184,0.028250279042975907,0.04288992580721143
I-Jockey,0.11668954336816864,0.1054790945424382,-0.12285565892984776,-0.0184403127090845,0.142550557292166,-0.09156711818988432,-0.19169870010827178,-0.10158885631812686,-0.0038355987970203655,0.002622427844770191,0.06775990587896821,-0.013363611316774562,0.12770840390762392,0.10939382456844753,-0.09131542029534895,-0.11631100176480089,-0.1452239927275901,0.03389234073489264,0.07154415571202603,0.018024660984628182,0.046275324852864924,-0.041251933068329014,-0.09608765646513714,-0.02540800848304538,0.12037056652369066,-0.012485338552518257,-0.040646683853117004,-0.006323711460659597,-0.009295302940741148,-0.08995051530129926,0.23616094697831289,-0.023513614081448114,0.055675732305028404,0.05034970639454194,0.008130661015487003,-0.07793622958046759,-0.029946709941738207,0.11811222707093656,-0.15218737730802076
hAT-Tip100?,-0.027091651026356203,0.1297883085293676,-0.050742853609904,-0.01801586101112264,-0.03755486623506615,-0.17521279953473307,-0.016323161947582376,-0.16282181704832296,0.016870915134169752,0.10671204613989815,-0.12836442622613234,0.05419637647839965,-0.06542137975280099,-0.11662794113966367,-0.26216011982572074,-0.10124708512630656,-0.12687159792544558,-0.13983321705575127,-0.08728210208402032,-0.2249340342188529,-0.18987348747215918,-0.09460174981335041,-0.014458074974173497,-0.18322795024070807,-0.04843914930786394,-0.06457438518500895,-0.10054406958330737,-0.03198977459435287,0.07927574934838204,-0.02092988823323798,0.2531254766501187,-0.2372136701165303,0.038837570484645735,-0.09615572511516594,0.08170126350571437,0.0025475234162721573,0.02553835471065973,0.2591611512485245,-0.1774042867560692
TcMar-Pogo,0.09661361002035912,0.04384325281312085,-0.2707224997533823,-0.1298311096537983,-0.004859341642760393,-0.06646868621170124,-0.20476669371006148,-0.12964826750396508,-0.320122119715675,-0.32602814727434526,-0.289302192949079,-0.11854130575250182,-0.15577797241579894,-0.179958531075002,-0.34963859947533554,-0.13287069371768442,-0.3630715014833373,0.18368943830143553,0.1041889497915294,0.08543701068792842,0.20428743399734905,0.19973718323914025,0.01345063504175381,0.1174584219678184,0.3624188408293442,0.15408194961871804,0.10718972290558985,0.06772408325638123,-0.5500059783553293,-0.2399114468736569,0.0788977497292739,-0.11205415526788305,-0.16214333809795056,-0.1445797355142432,0.11044178887549999,0.053896592378711736,0.11171016821439593,0.23029385839574418,-0.19555525046411892
hAT?,-0.21166341600933614,-0.2507903018307323,0.031531111365529635,0.03551113388333456,0.26645635155981057,0.17783441016335394,0.03293680239895195,-0.11150860014277761,-0.41883367800123067,-0.04558627336406778,-0.14328766079920668,0.09130382578353662,-0.08877608983260135,-0.2144601997904875,-0.2884644499207707,-0.02517730337786315,-0.15549448933543236,0.3942348303850624,0.47179344202422996,0.37472815509049684,0.4361490731315908,0.2632907135015804,0.2397251628459512,-0.2040883110327295,0.07170283625524612,-0.10014180758733467,0.25248215890827747,0.10830375554634977,0.33940911345783,-0.05926200823797352,0.39006245077652324,0.23675925908466475,-0.16575557308660405,0.07924591645848375,0.04458299045354537,-0.32696579375720736,-0.016932010787367714,0.09705909078467435,-0.4554476903901529
hAT-hAT19,0.24377214903656363,0.00824533829057152,-0.5472774524458183,-0.25319893961765194,0.0364851772163543,-0.038151863267469666,0.2648892765705055,0.06718455470740857,0.316345443869651,0.2125223645193001,0.4961599449881305,0.14865233756579957,-0.41456658833639154,0.25347672611407673,0.13863382736532304,-0.30089411222853535,0.08474284219362653,-0.1523560237481167,-0.024764866116951056,-0.025054271470712847,0.18801083197280197,0.14747786897952714,0.15361681962596205,0.19134529669595396,-0.10992554048423867,-0.5322814103038634,-0.11598398626476836,0.23171982466130514,0.23137077014347807,0.24747620527356556,0.321975278929234,0.2321564455565202,0.030058604394810416,-0.3470895303433467,-0.23556961278843327,0.1771263483211675,0.5194558626392535,0.0001839021606437076,-0.07261983381873138
