,family_name,subfamily_name
0,L1,L1MC3
1,ERV1,LTR60B
3,ERV1,MER34C_v
4,ERVL-MaLR,MSTA1
5,ERV1,MER4A1
6,ERVL-MaLR,MLT1I
7,L1,L1M5
8,ERVL-MaLR,MLT1H2
9,L1,L1MA4
10,Alu,AluY
11,ERV1,MER4D1
12,ERV1,MER4A
14,MIR,MIRb
15,ERV1,MER31B
16,Alu,AluJb
17,Alu,AluSx3
18,Alu,AluSx
20,hAT-Charlie,MER112
21,MULE-MuDR,Ricksha_0
23,MIR,MIR3
25,TcMar-Tigger,MER46C
26,hAT-Charlie,Charlie20a
28,Alu,AluSg
29,L1,L1MD3
30,L1,L1ME1
32,L1,L1MD
34,Alu,AluYf1
35,ERV1,MER39B
38,Alu,AluSq2
39,Alu,AluSx1
40,ERVL-MaLR,MLT1K
41,ERV1,LTR9B
43,hAT-Charlie,MER5A
45,ERV1,MER4E1
46,Alu,AluSx4
47,L2,L2c
48,L1,L1ME4a
49,MIR,MIRc
50,ERVL-MaLR,MLT1E3
51,hAT-Charlie,Charlie4z
52,L2,L2a
53,Alu,FRAM
55,hAT-Charlie,MER5B
58,ERV1,LTR37B
59,Alu,AluSq
60,ERVL-MaLR,MLT1O
61,ERVL-MaLR,MSTA
62,Alu,Alu
65,hAT-Charlie,MER103C
67,ERV1,LTR39
68,Alu,AluSz6
69,L1,L1PA4
71,RTE-X,L5
72,L2,L2
74,ERVL,LTR33
75,MIR,MIR
76,Alu,AluSc
77,ERVL-MaLR,MLT1H
79,CR1,L3
82,,MamRep605
83,Alu,AluSz
88,TcMar-Tigger,Tigger5
91,ERVL-MaLR,MSTB1
92,L1,L1MC5a
94,L1,L1ME3B
95,L1,L1M4
96,L1,HAL1M8
97,L1,L1MA2
98,L1,L1PA6
100,L1,L1PA5
101,L1,L1P4
103,L1,L1ME3D
105,L1,L1PA8A
106,L1,L1PA10
107,L1,L1MA8
112,L1,L1PA8
125,ERVK,LTR22C2
131,L1,L1PA15-16
144,L1,L1PA11
153,L1,L1MEd
155,L1,L1M3
156,L1,L1MA7
157,ERVL,ERVL-E-int
159,L1,L1PA7
169,L1,L1M7
170,L1,L1PA14
171,Alu,FLAM_C
172,L2,L2b
174,ERVL-MaLR,MLT1H1
175,ERVL-MaLR,THE1B
177,ERV1,LTR64
181,ERVL-MaLR,MLT1F2
184,ERVL,LTR33B
185,ERV1,MER65D
186,L1,L1MA5
187,ERVL-MaLR,MLT1D
188,ERVL-MaLR,THE1D
189,Alu,AluYa5
193,Alu,AluYk2
194,L1,L1M2c
202,Alu,AluJo
207,L1,L1ME4c
209,hAT-Charlie,MER1A
210,ERVL,LTR41
212,SVA,SVA_E
216,TcMar-Tigger,MER8
239,ERVL,MER21C
241,Alu,AluJr
242,L1,L1MB8
250,Alu,AluSp
255,TcMar-Tigger,Tigger12
259,Alu,FLAM_A
262,Alu,AluSq10
263,ERV1,LTR37A
266,L1,L1ME4b
271,Alu,AluJr4
276,ERVK,MER11C
285,hAT-Charlie,Charlie29b
290,ERVL-MaLR,MSTD
296,Alu,AluSg7
315,L1,L1MC4
327,hAT-Charlie,MER3
328,hAT-Charlie,MER5A1
329,L1,L1MEg
330,hAT-Charlie,MER33
331,L1,L1ME3
332,Gypsy,LTR104_Mam
335,hAT-Blackjack,MER94
337,ERV1,LTR7
339,ERV1,MER67C
341,ERVL,LTR67B
342,TcMar-Tigger,Tigger4b
344,hAT-Charlie,Charlie1a
345,ERVL,LTR79
346,hAT-Charlie,Charlie1b
348,TcMar-Tigger,Tigger3a
357,hAT-Charlie,MER113A
358,L1,L1MB3
361,TcMar-Tigger,MER44B
365,ERVL-MaLR,MLT1C2
366,hAT-Charlie,Chap1a_Mam
367,L1,L1M8
368,hAT-Charlie,MER58A
369,hAT-Charlie,MER102c
371,TcMar-Tigger,Tigger7
372,L1,L1MC
373,ERV1,MER41D
374,L1,HAL1
376,ERVL-MaLR,MLT1A1
377,ERV1,LTR78
378,TcMar-Tigger,Tigger19b
385,ERVL,LTR16C
387,SVA,SVA_D
389,L1,L1M4b
390,L1,L1MC1
394,ERVL-MaLR,MLT1B
395,hAT-Charlie,Charlie5
399,L1,L1PA3
402,hAT-Charlie,Charlie19a
405,ERV1,LTR2C
415,L1,L1MB4
420,ERV1,LOR1-int
421,ERVL,LTR57-int
423,ERVK,HERVK9-int
428,ERV1,LTR49-int
429,ERV1,MER65-int
430,ERVL,LTR41B
441,hAT-Charlie,MER102a
442,L1,L1MB5
444,ERV1,MER67A
446,ERVL,HERV16-int
449,ERVL-MaLR,MLT1A
450,TcMar-Tigger,MER2B
452,Alu,AluYk3
457,L2,L2d
458,L1,L1MEc
472,hAT-Tip100,MER63B
475,hAT-Blackjack,MER53
478,Alu,AluYg6
504,Alu,AluYe5
506,MIR,MIR1_Amn
509,ERVL-MaLR,MLT1G3
533,ERV1,LTR12C
547,ERVK,LTR13A
553,L1,L1MA10
557,L1,L1MEf
570,L1,L1ME2
584,L1,L1PB1
586,ERV1,MER49
588,ERV1,MER50
597,,MamRep1151
608,ERV1,MER41B
609,hAT-Charlie,MER30
615,hAT-Tip100,Arthur1B
626,ERV1,LTR46
632,L1,L1MB7
642,ERVK,MER9a1
671,ERVK,LTR13
675,ERVK,LTR13_v
681,ERVL,MER54A
688,CR1,L3b
689,ERVL,MER68
699,ERV1,MER4B
731,Alu,AluSc8
732,Alu,AluSg4
743,Alu,AluYh3
751,hAT-Charlie,MER20
753,hAT-Tag1,hAT-1_Mam
755,hAT-Tip100,MER63D
760,ERV1,MER66-int
766,ERV1,MER66C
769,ERV1,MER66B
774,SVA,SVA_A
779,Alu,AluYi6_4d
791,Alu,AluYh9
816,ERVL,MER74B
817,ERVK,LTR5_Hs
820,ERV1,LTR2B
823,ERVL,LTR75
836,ERV1,HERVIP10B3-int
840,ERV1,HERVIP10F-int
847,ERV1,LTR10A
853,,MER131
880,L1,L1MC4a
885,ERV1,LTR7B
888,ERV1,LTR7C
891,Alu,AluSc5
923,ERV1,HERVIP10FH-int
962,hAT-Charlie,Charlie22a
973,Alu,AluYa8
1011,TcMar-Tigger,MER47C
1036,ERV1,MER65A
1039,ERV1,MER52A
1053,ERV1,MER52C
1069,ERV1,MER83
1073,ERVL,MER21B
1084,hAT-Charlie,MER113
1095,ERVL-MaLR,THE1C
1096,ERV1,LTR26C
1097,ERVL,LTR42
1101,ERV1,MER4D
1113,L1,L1M4a2
1114,L1,L1M4c
1122,Alu,AluYb9
1135,TcMar-Tigger,Tigger1a_Art
1146,ERV1,MER65B
1154,Alu,AluYc3
1164,L1,L1MC5
1182,TcMar-Tigger,MER47A
1205,hAT-Tip100,ORSL-2b
1224,Alu,AluYm1
1226,TcMar-Tigger,Tigger1
1233,Alu,AluYi6
1322,TcMar-Tigger,Tigger16a
1326,hAT-Tip100,Arthur1A
1337,L1,L1ME3G
1347,L1,L1MEb
1364,TcMar-Tigger,Tigger15a
1396,TcMar-Tigger,X26_DNA
1420,hAT-Charlie,Charlie15a
1429,Alu,AluYb8
1436,TcMar-Tigger,Tigger2
1452,L1,L1PA16
1462,hAT-Charlie,MER119
1471,CR1,X7B_LINE
1487,L2,L2d2
1499,hAT-Charlie,MER1B
1511,hAT-Charlie,Charlie1
1560,ERVL,ERV3-16A3_I
1561,L1,L1MB2
1566,ERVL,LTR16E1
1567,ERVL,MLT2D
1574,hAT-Charlie,Charlie2a
1584,hAT-Blackjack,MER81
1602,L1,L1MEi
1610,hAT-Tip100,MER91B
1624,ERV1,MER31A
1625,ERVL-MaLR,MLT1A0
1627,ERVL-MaLR,MSTB
1628,ERVL,ERVL-int
1641,ERVL,LTR18B
1669,ERVL-MaLR,MLT1C
1672,hAT-Charlie,Charlie8
1688,ERVL,ERV3-16A3_LTR
1720,Gypsy,LTR81B
1722,Gypsy,LTR81
1724,ERVL,LTR40b
1755,hAT-Charlie,MER58B
1757,ERVL,MER74A
1765,hAT-Tip100,MER63A
1787,ERVL,LTR52
1803,Alu,AluYk4
1804,ERVL-MaLR,MLT-int
1808,hAT-Charlie,Charlie16
1816,ERVL,MLT2B3
1828,TcMar-Tigger,Tigger3c
1834,hAT-Tip100,MER91A
1840,ERVL,MLT2B1
1843,Alu,AluYc
1845,L1,L1M2
1858,TcMar-Tigger,MER47B
1876,tRNA-Deu,AmnSINE2
1931,RTE-BovB,MamRTE1
1950,ERVL-MaLR,THE1A
1958,hAT-Tip100,MER45B
1977,Gypsy,LTR81C
1978,ERVL-MaLR,MLT1J
1986,TcMar-Tigger,Tigger2a
2010,ERVL,LTR41C
2019,hAT-Ac,OldhAT1
2024,hAT-Charlie,MER58C
2040,hAT-Charlie,Charlie15b
2050,ERV1,LTR26
2116,L1,L1ME3A
2128,ERVL,LTR40c
2130,ERV1,MER34
2131,ERV1,LTR19A
2140,ERV1,MER89
2148,L1,L1MCc
2151,5S-Deu-L2,AmnSINE1
2165,ERVL,HERVL-int
2173,ERV1,LTR27C
2187,hAT-Charlie,MER117
2192,L1,L1M4a1
2201,,LTR106_Mam
2210,ERV1,LTR12D
2213,ERV1,LTR12E
2217,PiggyBac,MER75
2222,ERVL,MLT2B4
2231,TcMar-Tigger,Tigger17b
2234,hAT-Charlie,Charlie25
2240,ERV1,MER51A
2242,hAT-Tip100,MER96
2247,Alu,AluSq4
2261,TcMar-Tigger,MER44A
2278,ERVL-MaLR,MLT1E2
2293,hAT-Charlie,MER107
2309,hAT-Tip100,Arthur1C
2310,hAT-Tip100,MER45C
2325,hAT,MER121
2332,L1,L1PA12
2347,ERVL,LTR16A1
2360,L1,L1MDa
2364,L1,L1MA4A
2368,L1,L1ME3Cz
2370,L1,L1ME2z
2377,L1,L1PA15
2415,,Eulor10
2440,L2,AmnL2-1
2455,,X30_DNA
2456,L1,L1MC2
2469,hAT-Tip100,MamTip2b
2479,TcMar-Tigger,Tigger17a
2518,tRNA-RTE,MamSINE1
2532,L1,L1ME3C
2574,L1,L1PB4
2580,L1,L1MEh
2581,L1,L1MA5A
2611,ERV1,LTR10B2
2619,ERV1,LTR21C
2628,ERVL,LTR62
2665,TcMar-Tigger,MER44C
2673,hAT-Charlie,Charlie4a
2676,ERV1,MER34C2
2678,ERV1,MER34B-int
2679,ERV1,MER31-int
2686,ERV1,MER39
2701,ERV1,Harlequin-int
2743,Helitron,Helitron3Na_Mam
2746,ERVK,LTR5B
2747,ERV1,LTR45C
2777,TcMar-Tigger,Tigger3d
2790,ERV1,LTR8A
2797,ERVK,HERVK13-int
2805,ERV1,LTR38
2818,ERVK,LTR3B_v
2837,ERVL-MaLR,MLT1E1
2839,ERV1,LTR78B
2845,L1,L1MB1
2846,TcMar-Tigger,Tigger4a
2889,L1,L1MD2
2917,hAT-Tip100,MER115
2923,ERVL,MER77
2930,TcMar-Mariner,MADE2
2932,ERVK,LTR3A
2951,ERVL,MER77B
2956,ERVL,LTR33C
2960,TcMar-Tc2,Kanga1a
2977,ERVL,MLT2B2
2982,ERVL,LTR40A1
2983,ERVL,HERVL40-int
2994,ERVL-MaLR,MLT1L
3009,PiggyBac,MER85
3010,ERVL-MaLR,MLT1J1
3020,ERV1,MER92B
3021,ERV1,LTR10E
3027,ERV1,MER34A
3032,hAT-Tip100,MER63C
3041,ERVL,LTR16E2
3051,hAT-Tip100,MER91C
3065,ERVL-MaLR,MLT1E1A
3069,L1,L1PA13
3080,TcMar-Tc2,Kanga1b
3090,RTE-X,L4_B_Mam
3092,ERVL-MaLR,MLT1F1
3094,L1,L1ME5
3096,hAT-Tip100,MamRep4096
3117,L1,L1MA9
3123,Gypsy,LTR85c
3129,L1,L1P2
3138,Gypsy,LTR85a
3139,TcMar-Tigger,Tigger19a
3155,L1,HAL1ME
3158,ERV1,LTR24C
3162,L1,L1MA1
3178,ERVL-MaLR,MSTC
3192,ERVL,MER21A
3206,TcMar-Tigger,X6a_DNA
3218,ERVL-MaLR,MLT1J2
3269,ERVL,MLT2A2
3287,ERV1,MER48
3293,ERV1,HERVH-int
3295,L1,L1MCa
3296,ERV1,LTR7Y
3298,L1,L1PA17
3319,ERVL,LTR53B
3344,ERV1,MER4A1_v
3351,L1,L1ME3E
3353,ERV1,MER61B
3383,ERVL,LTR16
3387,Alu,FAM
3394,ERV1,LOR1a
3405,ERVL,LTR33A_v
3413,ERV1,MER57B1
3463,ERVL,LTR16A2
3465,ERVL,LTR53
3472,CR1,X17_LINE
3493,ERV1,MER90a
3500,ERVL,LTR50
3508,ERV1,LTR1A2
3529,ERVL,LTR89B
3540,ERVK,MER11A
3543,Gypsy,LTR81AB
3561,ERV1,LTR1B1
3580,ERV1,MER61D
3585,ERV1,MER61A
3596,hAT-Tip100,Arthur1
3606,CR1,X7A_LINE
3610,ERV1,LTR8
3613,hAT-Tip100,Eutr15
3614,ERVL,MLT2C1
3657,TcMar-Tigger,MamRep434
3673,L1,L1PB2
3677,L1,L1P3
3688,,EUTREP8
3697,CR1,CR1_Mam
3701,hAT-Tip100,MER45R
3721,hAT-Tip100,MamTip1
3743,ERVL,LTR101_Mam
3746,CR1,X6B_LINE
3758,ERVL-MaLR,MLT1G
3766,TcMar-Tigger,Tigger11a
3768,ERV1,MER110
3786,CR1,Plat_L3
3788,ERVL-MaLR,MLT1N2
3790,ERVL,LTR66
3801,ERVL,MER54B
3803,L2,L2-1_AMi
3818,hAT-Blackjack,BLACKJACK
3824,ERVL,MER70A
3834,ERVL-MaLR,MLT1E
3845,L1,L1ME3F
3865,L1,L1MD1
3875,Gypsy,MamGypsy2-I
3910,,LTR90B
3933,hAT-Charlie,MER20B
3998,ERVL,LTR16D
4001,ERVL-MaLR,MLT1F
4016,ERV1,LTR24
4017,ERV1,LTR24B
4023,ERV1,MER57A1
4028,ERV1,LTR10C
4034,hAT-Tip100,MER45A
4037,TcMar-Mariner,MADE1
4043,ERVL,MLT2A1
4048,ERV1,LTR48B
4062,ERVL,MLT2B5
4067,ERVL,MER70B
4087,L1,L1PREC2
4089,L1,HAL1b
4106,hAT,MER121B
4126,tRNA,LFSINE_Vert
4127,TcMar-Tigger,Tigger9b
4133,TcMar-Tc2,Kanga2_a
4141,,MamRep1527
4146,TcMar-Tigger,Tigger23a
4171,Gypsy,MamGypLTR1a
4247,L1,L1MEj
4264,RTE-X,L4_A_Mam
4270,hAT-Tip100,MamRep38
4274,L1,L1PB3
4283,ERV1,LTR23
4286,ERV1,MER34B
4289,ERV1,LTR54
4300,ERV1,MER34C
4313,PiggyBac,MER75A
4315,ERVL,LTR16A
4335,L1,L1M6
4338,TcMar-Tigger,MER44D
4366,ERV1,MER34A1
4384,RTE-X,L4_C_Mam
4451,hAT-Tip100,MamRep1879
4488,ERVL,LTR16B2
4567,hAT-Tip100,Zaphod3
4596,hAT-Charlie,MER58D
4600,hAT-Tip100,MamTip2
4634,ERVL,LTR33A
4672,ERV1,MER41A
4685,ERV1,LTR8B
4703,hAT-Charlie,MER5C
4719,TcMar-Tigger,MER2
4773,ERV1,MER4E
4808,TcMar-Tigger,Tigger13a
4809,ERVL,LTR16D2
4811,hAT-Tip100,ORSL
4825,TcMar-Mariner,MARNA
4852,ERVL,LTR16B1
4875,L1,L1MA6
4876,ERVL-MaLR,MLT1G1
4882,ERVL,LTR84b
4919,ERV1,LTR1C
4922,ERVK,LTR5A
4925,ERVL-MaLR,MST-int
4947,,LTR91
5105,SVA,SVA_C
5119,ERVL,LTR40a
5125,L1,L1PA2
5128,I-Jockey,X12_LINE
5135,hAT-Charlie,MER105
5138,ERV1,LTR19B
5150,hAT-Charlie,Charlie16a
5158,hAT-Tip100,FordPrefect
5191,ERV1,HERVP71A-int
5193,ERV1,LTR71B
5212,ERVL,LTR16D1
5252,hAT-Charlie,Charlie18a
5255,ERV1,MER51E
5292,L1,L1P1
5315,ERVL,LTR86A1
5367,ERV1,LTR75_1
5370,ERV1,MER72
5372,SVA,SVA_B
5601,hAT-Charlie,Charlie32a
5768,SVA,SVA_F
5874,Alu,AluYj4
6175,ERVL,MLT2C2
6182,ERV1,LTR21B
6183,ERV1,HERVFH21-int
6186,ERVK,LTR14A
6293,TcMar-Tigger,Tigger5b
6326,ERV1,LTR12
6364,ERV1,MER101
6373,CR1,X7C_LINE
6379,ERV1,LTR36
6439,,MER130
6441,,MER126
6462,ERVL-MaLR,MLT1M
6487,Alu,AluYk12
6505,ERV1,LTR71A
6606,TcMar-Tigger,Tigger14a
6619,L2,X24_LINE
6640,hAT-Charlie,Charlie7a
6641,TcMar-Tigger,MamRep137
6652,hAT-Charlie,Charlie29a
6657,ERV1,MER4-int
6675,ERVL,MLT2F
6702,hAT-Charlie,Charlie17a
6712,hAT-Blackjack,MER94B
6757,,Eulor2A
6809,L1,X9_LINE
6829,Penelope,Penelope1_Vert
6956,ERVL,LTR86A2
6963,hAT-Charlie,MER102b
6980,CR1,X5B_LINE
6989,CR1,X20_LINE
7210,Dong-R4,Mam_R4
7264,MULE-MuDR,Ricksha_c
7295,,X9a_DNA
7404,CR1,CR1-16_AMi
7424,hAT-Tip100,MER96B
7547,ERV1,LTR1F
7571,hAT-Charlie,Charlie24
7708,Alu,AluYh7
7724,PiggyBac,MER75B
7733,TcMar-Tc2,Kanga11a
7972,TcMar-Tigger,Tigger3b
8006,hAT-Tip100,Zaphod
8021,hAT-Charlie,Charlie30a
8042,ERV1,MER84-int
8044,ERV1,MER84
8148,,MARE8
8150,hAT-Tip100,MARE4
8177,L1,L1MA3
8215,hAT-Charlie,Charlie10
8249,ERV1,LTR9D
8295,hAT-Charlie,Charlie26a
8352,hAT-Charlie,Charlie21a
8395,Gypsy,MamGypLTR2c
8422,ERV1,LTR103b_Mam
8457,hAT-Ac,EuthAT-2
8602,ERV1,LTR29
8658,Gypsy,MamGypLTR1b
8741,hAT-Charlie,Charlie10b
8746,TcMar-Tigger,Tigger16b
8793,ERVL,LTR86C
8809,L1,L1M
8883,hAT-Charlie,Charlie2b
8981,TcMar-Tc2,MER104
9109,hAT-Charlie,MER5C1
9147,hAT-Charlie,Charlie23a
9170,TcMar-Tigger,Tigger9a
9214,hAT-Charlie,Charlie17
9304,L1,L1MCb
9389,hAT-Charlie,Charlie4
9535,ERVL,ERVL-B4-int
9603,ERV1,HERV9-int
9605,ERV1,MER51B
9627,ERVL,LTR47A
9653,ERVL,LTR82A
9669,ERV1,LTR21A
9707,ERV1,LTR77
9708,ERV1,LTR61
9831,hAT-Charlie,MER106B
9875,ERV1,MER52D
9882,hAT-Charlie,Charlie7
9943,ERV1,LTR56
9966,ERV1,MER4C
9988,ERV1,MER41E
9990,Alu,AluYe6
10002,ERV1,MER110A
10039,hAT-Blackjack,MER63C
10054,ERVK,MER11D
10142,TcMar-Tigger,Tigger10
10156,hAT-Tip100,hAT-N1a_Mam
10173,Gypsy,MamGypLTR3a
10177,ERVL,Eutr10
10180,ERV1,LTR26E
10220,,MER124
10265,hAT-Blackjack,MER63B
10320,hAT-Tip100,MamRep488
10454,hAT-Tip100,Zaphod2
10555,CR1,CR1-3_Croc
10589,ERV1,MER57B2
10673,Gypsy,LTR85b
10714,ERV1,LTR9
10755,ERV1,LTR2
10801,hAT-Charlie,Charlie30b
11009,ERV1,MER57C1
11032,ERVL,MER21-int
11265,TcMar-Tigger,Tigger4
11397,hAT-Tip100,MER97b
11455,hAT-Tip100,ORSL-2a
11586,TcMar-Tc2,Kanga1d
11646,ERVL,LTR83
11681,ERV1,LTR1D1
11701,ERV1,LTR51
11741,ERV1,HUERS-P1-int
11820,TcMar-Tc2,Kanga1c
12070,hAT-Tip100,Zaphod5a
12283,TcMar-Tigger,Tigger12c
12344,hAT-Charlie,MER106A
12490,Alu,AluYk11
12529,ERVL,LTR84a
12535,ERVK,LTR5
12750,TcMar,X22_DNA
12751,Kolobok,UCON29
12785,hAT-Charlie,Charlie13a
12963,hAT-Ac,UCON26
13028,hAT,UCON105
13045,TcMar-Tigger,X6b_DNA
13072,hAT-Charlie,Cheshire
13094,hAT-Charlie,UCON81
13253,hAT,UCON73
13622,TcMar-Tc1,EutTc1-N2
13704,L2,L2-2_Mam
13767,TcMar-Tigger,X5a_DNA
13837,hAT-Charlie,Charlie13b
13986,ERVL,LTR105_Mam
14130,ERV1,LTR43B
14259,ERVL-MaLR,MSTB2
14336,ERV1,LTR103_Mam
14388,Gypsy,MamGypLTR4
14402,ERVL,LTR47B2
14566,TcMar-Tigger,X1_DNA
14817,TcMar-Tc1,X33a_DNA
14842,TcMar-Tigger,Tigger22N1
14999,TcMar-Mariner,HSMAR1
15260,ERVL-MaLR,MLT1J-int
15291,ERVL,LTR75B
15620,ERV1,LTR1C1
15685,ERV1,MER67B
15831,hAT-Charlie,UCON34
15905,Alu,AluYd8
15934,,Eutr11
16065,ERVL,MLT2E
16202,TcMar-Mariner,HSMAR2
16232,TcMar-Tigger,Tigger8
16289,ERV1,PRIMA41-int
16296,ERV1,LTR43-int
16297,ERVK,LTR22B1
16314,ERV1,MER89-int
16319,hAT-Tip100,Zaphod4a
16338,ERVL,MER70C
16366,ERVL,LTR102_Mam
16392,ERV1,LTR10F
16415,TcMar-Tigger,MER6
16475,TcMar-Tigger,Tigger6a
16478,ERV1,PRIMA4-int
16479,ERVK,HERVK-int
16490,L1,L1PB
16491,L1,L1M1
16496,ERV1,MER41G
16531,ERV1,LTR44
16555,ERV1,MER34-int
16558,ERV1,MER57A-int
16559,ERV1,LTR45B
16636,ERV1,LTR45
16647,ERV1,MER101-int
16710,ERV1,PRIMAX-int
16717,ERV1,LTR1C3
16747,L1,L1M3f
16758,ERVL,LTR57
16862,ERV1,HERVE-int
16908,ERV1,HERV3-int
17118,ERV1,MER4B-int
17164,ERV1,ERV24B_Prim-int
17209,ERV1,LTR12F
17228,ERV1,HERV9NC-int
17253,ERV1,LOR1b
17320,Gypsy,LTR88a
17558,L2,X15_LINE
17566,TcMar-Tigger,MER6B
17568,ERV1,LTR10B
17582,,MamRep605b
17791,,UCON58
17866,hAT-Tip100,MamTip1b
17916,TcMar-Tigger,MER6C
17967,MULE-MuDR,Ricksha
17974,ERVK,LTR22A
18022,TcMar-Tigger,Tigger18a
18085,MULE-MuDR,Ricksha_a
18128,Merlin,MER125
18137,hAT-Charlie,Charlie31a
18212,,UCON35
18215,ERVL,LTR86B1
18258,Gypsy,MamGypLTR1c
18278,ERVL,LTR82B
18285,Gypsy,LTR88b
18385,Helitron,Helitron2Na_Mam
18435,ERVL,LTR55
18500,,X34_DNA
18552,L1,L1HS
18572,TcMar-Tigger,MER6A
18592,hAT-Charlie,Charlie17b
18788,ERV1,LTR9A1
18867,TcMar-Tigger,Tigger12A
18877,ERVL,LTR53-int
18928,hAT-Tip100,MamTip3
18946,CR1,X6A_LINE
19098,,MER135
19202,ERVL,LTR32
19272,TcMar-Tigger,Tigger2b_Pri
19316,CR1,CR1-1_Amn
19320,CR1,X1_LINE
19406,ERVL,LTR16B
19447,TcMar-Tigger,MER127
19808,ERV1,LTR10D
20040,ERV1,PRIMA4_LTR
20107,ERV1,MER57E2
20131,Gypsy,MamGypLTR2b
20631,,UCON78
20799,hAT,EUTREP2
20892,ERV1,MER57F
20961,TcMar-Tc1,DNA1_Mam
21015,ERV1,LTR12_v
21396,ERV1,MER90
21502,,MER129
21949,TcMar-Tigger,MERX
21959,ERV1,LTR34
21962,ERVK,MER9a2
22114,ERV1,LTR23-int
22369,,EUTREP16
22765,TcMar-Tigger,X9b_DNA
22768,ERV1,ERV24_Prim-int
22777,ERV1,LTR4
22778,ERV1,LTR39-int
22782,ERV1,MER87
22799,ERV1,LTR49
22801,ERV1,MER51D
22894,ERVL-MaLR,MLT1F-int
22961,TcMar-Tigger,X4b_DNA
23947,ERV1,LTR25
24154,ERV1,LTR54B
24158,L2,L2-1_Crp
24182,ERV1,LTR76
24270,ERV1,PABL_B
24490,ERV1,LTR15
24606,ERV1,LTR38B
24675,ERV1,HERV-Fc2_LTR
24739,ERV1,LTR26B
24840,ERV1,LTR25-int
24851,ERV1,MER61-int
25264,Gypsy,LTR81A
25274,TcMar-Tigger,UCON44
25355,hAT,UCON89
25377,TcMar-Tc2,Kanga1
25607,L2,UCON86
25686,Helitron,Helitron1Na_Mam
25691,Helitron,Helitron1Nb_Mam
26188,,Eutr18
26245,TcMar-Tigger,X11_DNA
26395,hAT-Charlie,Chap1_Mam
26406,,X23_DNA
26436,TcMar-Tigger,UCON11
26798,ERV1,LTR1F1
27018,CR1,X8_LINE
27746,ERV1,LTR65
27987,hAT-Charlie,MER30B
28139,ERV1,HUERS-P3-int
28236,MULE-MuDR,Eutr2B
28498,ERV1,HERV35I-int
28609,ERVK,MER9a3
28629,ERV1,LTR37-int
28632,ERV1,MER92-int
28902,ERV1,LTR28B
29210,hAT-Charlie,Charlie14a
29277,hAT-Tip100,MamRep1894
29398,ERVK,LTR14
29448,ERV1,MER66A
29489,Gypsy,MamGyp-int
29545,L1,L1PBa
29546,L1,L1M2a
29657,hAT-Charlie,Charlie9
29675,ERV1,LTR26D
29772,ERV1,HERVE_a-int
29912,,LTR107_Mam
30191,RTE-BovB,MamRTE2
30274,,UCON21
30294,TcMar-Tigger,Tigger20a
30560,L1,L1P5
31076,TcMar-Tc1,X32_DNA
31233,ERVL,MER73
31305,ERV1,LTR06
31360,ERV1,LTR48
31488,,X2a_DNA
31884,hAT-Tip100,hAT-N1_Mam
32196,ERV1,PABL_A
32231,ERV1,LTR28C
32335,ERV1,MER57-int
32864,ERV1,MER4D0
33108,hAT-Charlie,Charlie10a
33157,ERVL,LTR47A2
33371,hAT-Charlie,UCON38
33386,hAT-Tip100,Arthur2
33789,TcMar-Tigger,Tigger21a
33842,,Eutr5
34242,TcMar-Tigger,X4a_DNA
35126,ERV1,PABL_B-int
35349,Kolobok,UCON4
35499,hAT-Tag1,hAT-5_Mam
35974,ERV1,MER66D
36065,hAT-Charlie,Charlie3
36099,ERVL,LTR87
37104,ERV1,LTR1
37182,Gypsy,MamGypLTR1d
37221,ERV1,HERV1_LTRd
37437,TcMar-Tigger,Tigger3
37573,ERVL,LTR80B
37913,hAT-Tip100,Eutr16
38373,ERV1,MER57E1
38571,TcMar-Tigger,UCON33
38597,ERV1,MER41C
38602,ERV1,LTR1E
38790,ERV1,EUTREP7
39051,hAT-Ac,UCON37
39232,L1,L1MEg2
39523,hAT?,MER121B
39742,PiggyBac,Looper
39822,ERVK,LTR22B2
39875,,Eulor12
39987,ERV1,LTR6A
40545,Gypsy,MamGypLTR3
41061,TcMar-Tigger,X12_DNA
41207,,X2b_DNA
41254,ERV1,MER51C
41450,ERV1,LTR35A
41629,ERV1,MER4CL34
42202,ERV1,MER51-int
42517,hAT-Tip100,MER97c
42776,ERV1,MER41-int
42880,Gypsy,MamGypsy2-LTR
43281,ERV1,MER34D
43987,ERV1,MER65C
43995,hAT-Tip100,MamTip3B
44378,TcMar-Tigger,UCON55
45691,ERV1,MER57C2
46878,ERV1,LTR35
47066,ERV1,MER50B
47940,ERV1,LTR1D
48763,,LTR91A
49039,L1,L1MDb
49183,,UCON7
49475,ERV1,LTR31
49482,TcMar-Tigger,Tigger17d
49484,ERV1,LTR1F2
49582,L1,L1M3c
49731,ERVK,HERVK22-int
50053,ERV1,LTR17
50159,ERV1,MER83B
50163,ERV1,PrimLTR79
50440,ERVK,LTR14B
50604,ERVL-MaLR,MLT1H-int
50612,ERV1,LTR27
51032,ERVL,MER74C
52373,L1,L1PBa1
52505,hAT?,MER99
52966,Gypsy,LTR88c
53013,hAT,MER53
54025,L1,L1M3e
54701,ERV1,LTR6B
55049,ERV1,LTR38A1
55071,ERV1,EUTREP15
55102,ERVL,LTR89
55152,L1,L1P
55270,ERV1,HERVS71-int
55571,ERVK,HERVK11-int
57095,,LTR90A
57149,ERVL-MaLR,THE1-int
57185,L1,L1M6B
57435,ERVL-MaLR,MLT1-int
57601,ERVL,LTR86B2
57897,hAT-Tip100,MER97d
57989,ERVL,LTR69
58075,ERVL-MaLR,THE1D-int
58345,ERV1,LTR72B
58748,ERV1,HERVFH19-int
59244,TcMar-Tigger,Tigger6b
59575,ERVL,LTR80A
60267,L1,L1MEg1
61051,ERV1,LTR19-int
61170,ERV1,LTR2752
61412,hAT-Tip100,hAT-4b_Ther
61826,hAT-Tip100,Zaphod5b
62159,,X24_DNA
63106,,Eulor2B
63541,CR1,CR1-L3A_Croc
63879,,Eulor3
64302,,UCON14
65110,ERV1,LTR1B0
65554,ERV1,LTR43
66257,TcMar-Mariner,UCON40
67600,ERVL,MER70-int
67944,L1,L1M3d
69314,L1,L1MEa
69441,L1,L1M3de
69568,,Eulor9B
69569,,Eulor9A
70686,ERV1,HERV17-int
70818,Helitron,UCON99
71045,L1,L1PBb
71597,hAT-Tip100,EuthAT-N1
71678,ERVL,MER68C
73068,ERVK,LTR3B
73629,MULE-MuDR,Ricksha_b
74045,ERVL,MER76
74300,CR1,CR1-12_AMi
74449,hAT-Tip100,MER97a
74941,ERV1,LTR27B
75241,ERVL,LTR47B4
75815,hAT-Tip100,FordPrefect_a
75958,ERV1,PABL_A-int
76404,ERV1,LTR59
76525,ERV1,HUERS-P3b-int
77239,Merlin,Merlin1_HS
77967,ERVL,LTR108a_Mam
78273,TcMar-Tigger,X10b_DNA
78714,MULE-MuDR,Eutr2
78750,,Eutr2
78754,L1,L1P4b
79253,TcMar-Tigger,UCON39
80551,ERV1,MER61F
80567,ERV1,HERV4_I
80721,ERV1,LTR1A1
80736,L1,L1M3a
80873,ERV1,LTR12B
80875,ERV1,HERV9N-int
80902,ERV1,LTR60
81749,PiggyBac,EUTREP4
82217,,Eulor1
82510,L1,L1M2b
82804,L1,L1P4e
82863,ERV1,LTR27E
83896,TcMar-Tigger,Tigger17
83928,L1,L1P3b
84061,CR1,CR1-11_Crp
85254,ERVK,LTR22C0
85935,ERV1,LTR68
86097,CR1,CR1-L3B_Croc
93778,ERV1,LTR28
94440,L1,L1M2a1
95495,TcMar-Pogo,MER132
96011,CR1,X2_LINE
96120,,UCON8
96250,L1-Tx1,MARE6
96725,Crypton,Eulor6B
96980,ERVL,MER68B
98309,hAT-Blackjack,MER63A
99847,,MER123
100054,ERV1,MER95
100864,ERV1,MER57D
101586,Crypton,Eulor6A
102283,Crypton-A,Eulor5A
103200,hAT-Blackjack,MER63D
103279,ERV1,MER61C
103841,ERVK,HERVK14-int
105212,ERV1,MER61E
105358,hAT,UCON69
105551,PIF-Harbinger,MER133A
106190,hAT-Tip100?,MamRep1879
106989,TcMar,X4b_DNA
107132,ERVL,LTR18A
107572,ERV1,LTR38-int
107911,ERV1,MER72B
109497,ERVL,LTR47B3
110087,,Eulor9C
110251,ERVL,HERVL18-int
110901,L1,L1M3b
111369,ERV1,LTR1B
111849,ERV1,LTR9C
112197,hAT-Blackjack,UCON80
112661,ERVL,LTR52-int
112920,TcMar-Tigger,MARE10
113447,TcMar,UCON44
114017,ERV1,MER67D
114396,ERV1,MER92D
114483,ERV1,MER50-int
114982,TcMar-Tigger,Tigger6
115129,ERV1,MER83C
115810,L1,L1P4a
115957,L1,L1P4d
116590,hAT,MER99
117317,ERV1,MER101B
117341,Crypton,Eulor6D
117405,ERV1,MER110-int
117751,ERVL,HERVL66-int
117752,ERVL,HERVL32-int
117821,TcMar-Tigger,Tigger17c
117884,ERV1,LTR58
118079,CR1,X7D_LINE
118117,TcMar,Eulor8
118328,ERVK,LTR22E
118466,ERV1,LTR73
118768,ERVL,MER68-int
120228,L2,X13_LINE
121433,Crypton,Eulor6C
122309,ERV1,LTR35B
123439,ERVK,LTR22B
125176,,UCON2
125374,hAT-Ac,UCON15
125517,PIF-Harbinger,UCON9
125635,PIF-Harbinger,UCON9B
125771,CR1,CR1-13_AMi
125796,ERV1,LTR27D
126289,,UCON83
126710,,Eulor2C
126762,Crypton,UCON62
127118,TcMar-Tigger,Tigger1a_Mars
127519,,Eulor11
127661,PIF-Harbinger,MER133B
128660,PIF-Harbinger,AmnHarb1
130802,ERV1,LTR19C
133242,ERVK,HERVK14C-int
133379,ERV1,LTR30
134729,Crypton,MER134
135035,,UCON51
135375,,Eulor7
136377,ERVK,HERVKC4-int
136568,ERV1,LTR10G
136592,ERV1,MER52-int
136593,ERV1,HUERS-P2-int
143859,ERVK,LTR22
145546,CR1,X21_LINE
145715,Crypton,Eulor6E
146955,,UCON103
148177,ERV1,MER87B
149067,hAT-Charlie,Charlie11
149177,ERVL,MER88
149216,ERVL,LTR108e_Mam
149955,ERV1,MER92C
152203,ERV1,LTR10B1
152583,ERV1,MER50C
153307,ERVK,LTR3
153308,ERVK,HERVK3-int
155288,ERVL,LTR108d_Mam
155400,ERVL,LTR18C
155805,ERV1,MER83A-int
156646,ERV1,MER92A
158708,ERVK,MER11B
167036,ERV1,MER83B-int
168614,ERV1,HERV-Fc2-int
168615,hAT-Charlie,Charlie6
170709,ERV1,LTR72
172300,hAT-Tip100?,Eutr15
185611,hAT-Tip100,EuthAT-N1a
187457,hAT-Tip100,UCON23
196785,ERV1,HERVH48-int
203190,ERVK,LTR14C
208924,,UCON59
209943,ERVL,LTR47B
212998,Crypton-A,Eulor5B
214251,ERV1,LTR38C
217230,ERV1,HERV1_LTRa
227599,Gypsy,X1_LR
227926,ERVL,LTR108c_Mam
237475,,UCON97
243175,ERVL,LTR108b_Mam
243221,ERVL,MER76-int
243392,ERVK,LTR22C
244162,ERVL,ERVL47-int
246212,ERVL,HERVL74-int
259205,Merlin,MER136
262174,ERV1,HERV15-int
269463,TcMar-Tc1,EutTc1-N1
284593,ERV1,MER57E3
284659,ERV1,LTR70
298898,L1,L1P4c
304201,ERVK,HERVK11D-int
318550,,Eutr2B
361479,ERV1,HERV1_I
361670,ERVK,MER9B
365866,ERV1,LTR46-int
439630,hAT-Charlie,Charlie12
439848,hAT-hAT19,UCON100
481171,ERV1,HERV1_LTRe
485165,ERV1,HERV-Fc1_LTR1
486914,ERV1,HERV-Fc1_LTR2
486916,ERV1,HERV-Fc1-int
538573,ERV1,HERV1_LTRc
545876,ERV1,HERV-Fc1_LTR3
580053,ERV1,HERV30-int
587443,ERV1,HERV1_LTRb
614341,hAT,MamRep38
690040,hAT-Charlie,Charlie7b_Mars
707307,ERV1,HERVI-int
824420,ERV1,LTR109A2
946114,Alu,Alu-VAR_rnd-5_family-1084
1402966,hAT-Tip100?,hAT-N1_Mam
1568923,TcMar,DNA1_Mam
1812784,hAT?,UCON105
1863982,hAT?,MER121
2205008,PIF-Harbinger,Chompy-6_Croc
